offering,title,url,path,retrieved_at,status,sha256,bytes
_common,W3C Decentralized Identifiers (DIDs) v1.0,https://www.w3.org/TR/did-core/,specs/_common/w3c-decentralized-identifiers-dids-v1-0.html,2026-10-01T04:38:53.532Z,200,5e44345740d9bfaa852d3b66c57e98c9beb6c5bf6083b0126dd5daac377b9993,730300
_common,W3C Verifiable Credentials Data Model v2.0,https://www.w3.org/TR/vc-data-model-2.0/,specs/_common/w3c-verifiable-credentials-data-model-v2-0.html,2026-10-01T04:38:53.616Z,200,a9196a3d0b6601356c4e127bad24f8c7f2c17f6ed22e41b35755a910104156f8,1023165
atproto-handle,AT Protocol Account Migration,https://atproto.com/guides/account-migration,specs/atproto-handle/at-protocol-account-migration.html,2026-10-01T04:39:05.529Z,200,006bba8211f45db2b4ac60b524e9884e547c28908edb62710c4405541cc94ffc,110937
atproto-handle,AT Protocol Cryptography,https://atproto.com/specs/cryptography,specs/atproto-handle/at-protocol-cryptography.html,2026-10-01T04:39:05.365Z,200,c1f08eb53b34f2aa68b166f8ed9f3a3ff97ec0bc17156ced898bd2766d4006a7,98051
atproto-handle,AT Protocol DID,https://atproto.com/specs/did,specs/atproto-handle/at-protocol-did.html,2026-10-01T04:39:05.245Z,200,de539f162343dff2c2d6650dbf0ac0a7a67237be33918ea03fa483160ceac27e,131485
atproto-handle,AT Protocol Handle,https://atproto.com/specs/handle,specs/atproto-handle/at-protocol-handle.html,2026-10-01T04:39:04.867Z,200,69c9e8b7cfc7f0b47d1c38aa7154868b8279718d07bde56c7ca4172c68380afb,129986
atproto-handle,AT Protocol Repository,https://atproto.com/specs/repository,specs/atproto-handle/at-protocol-repository.html,2026-10-01T04:45:52.258Z,200,67671f368944ac21b052e0dd602295b667258b2bae1f6daca03a61037c45fdbc,140894
atproto-handle,Creating an Independent PLC Directory Organization,https://atproto.com/blog/plc-directory-org,specs/atproto-handle/creating-an-independent-plc-directory-organization.html,2026-10-01T04:45:54.095Z,200,e0ba9378adeeea05f16f9c370617e1e53f876bb7759c9e3d3bf310d96051398e,75750
atproto-handle,did:plc method specification,https://raw.githubusercontent.com/did-method-plc/did-method-plc/main/README.md,specs/atproto-handle/did-plc-method-specification.md,2026-10-01T04:38:51.045Z,200,6edb0acf4090a72fc551d10352f47fef61f6f4c4f3375873705953a3c91336e0,2580
atproto-handle,did:plc specification (web.plc.directory),https://web.plc.directory/spec/v0.1/did-plc,specs/atproto-handle/did-plc-specification-web-plc-directory.html,2026-10-01T04:45:53.857Z,200,8c2079965d3e6289176026d246fa1ff0c7c1d0c5d8b4f06dea281a79adb21f7f,37809
atproto-handle,First steps of the PLC organization,https://blog.plcred.org/3mwlphq42d227,specs/atproto-handle/first-steps-of-the-plc-organization.html,2026-10-01T04:45:55.711Z,200,fb1216592c555409e9c7fe48399311b8d221b79b8cec63f957a2107d1e85ece3,121690
atproto-handle,Kicking off the ATP Working Group at the IETF,https://atproto.com/blog/kicking-off-the-atp-working-group,specs/atproto-handle/kicking-off-the-atp-working-group-at-the-ietf.html,2026-10-01T04:45:54.887Z,200,8acd9518f1fd0bd97a14f935187d3c9846f2ccff3d35d9e723d59b0b2cb2c018,92622
atproto-handle,PLC Read Replicas,https://atproto.com/blog/plc-replicas,specs/atproto-handle/plc-read-replicas.html,2026-10-01T04:45:54.536Z,200,fb00fbfed6af5b01e8e69805d544da15424344899359a6c897f4bda364d1b3cd,100151
bsky-verification,A New Form of Verification on Bluesky,https://bsky.social/about/blog/04-21-2025-verification,specs/bsky-verification/a-new-form-of-verification-on-bluesky.html,2026-10-01T04:45:58.279Z,200,4d3bfd340f68c2e68c4c7331524e028222978ce28b31199c07bc3bf2c89643ee,37319
bsky-verification,app.bsky.actor.defs lexicon,https://raw.githubusercontent.com/bluesky-social/atproto/main/lexicons/app/bsky/actor/defs.json,specs/bsky-verification/app-bsky-actor-defs-lexicon.json,2026-10-01T04:45:56.710Z,200,46ad2031e7358d9ce28f7c9782ccb02f50182e3268129762055037585448fc6e,23716
bsky-verification,app.bsky.graph.verification lexicon,https://raw.githubusercontent.com/bluesky-social/atproto/main/lexicons/app/bsky/graph/verification.json,specs/bsky-verification/app-bsky-graph-verification-lexicon.json,2026-10-01T04:45:56.541Z,200,baa911bbc03cdbdf8f00d3965f51b3c9d517ba8a712fbf0a05fe65d81342b389,1519
did-web,did:web method specification,https://w3c-ccg.github.io/did-method-web/,specs/did-web/did-web-method-specification.html,2026-10-01T04:38:53.143Z,200,7e48b1ad2d658452bc9ce23b975d243abe095f7696c06671fc332705a1290610,24704
did-web,W3C DID Methods WG charter draft,https://w3c.github.io/did-methods-wg-charter/2025/did-methods-wg.html,specs/did-web/w3c-did-methods-wg-charter-draft.html,2026-10-01T04:46:58.450Z,200,7e00d69751ac602d2d9705bb356e30c354596ff72d07708a2e66b03fdc919722,27142
dif-wellknown,DIF Well-Known DID Configuration v1.0,https://identity.foundation/well-known-did-configuration/,specs/dif-wellknown/dif-well-known-did-configuration-v1-0.html,2026-10-01T04:46:58.300Z,200,3cb1edb5263c7947589b9b329914cc003eb261f388ab573c8a278d84cc60ba0f,8044
dif-wellknown,DIF Well Known DID Configuration,https://identity.foundation/.well-known/resources/did-configuration/,specs/dif-wellknown/dif-well-known-did-configuration.html,2026-10-01T04:39:27.225Z,200,03052d13ff413ddeae76226d4251af6ab54058d2c72cf58793c6fe9d5002625d,27978
farcaster,Farcaster protocol specification,https://raw.githubusercontent.com/farcasterxyz/protocol/main/docs/SPECIFICATION.md,specs/farcaster/farcaster-protocol-specification.md,2026-10-01T04:38:53.255Z,200,5b68f4e709012b4e6c9074cea982017e5dc93da45565544ad4a2772af6a1983d,50795
farcaster,FIP-19 Social Attestations,https://github.com/farcasterxyz/protocol/discussions/199,specs/farcaster/fip-19-social-attestations.html,2026-10-01T04:46:03.079Z,200,f14e04b0bfa2403f716cf59af51abb93314b2a3c826c5a19d26e50bd4270f863,648911
farcaster,FIP Snapchain,https://github.com/farcasterxyz/protocol/discussions/207,specs/farcaster/fip-snapchain.html,2026-10-01T04:46:06.085Z,200,2149088203ec8486ee32c2f26b777f93ff78411fad0a8357a7730d8a99e863b2,783365
farcaster,Snapchain message.proto,https://raw.githubusercontent.com/farcasterxyz/snapchain/main/proto/definitions/message.proto,specs/farcaster/snapchain-message-proto.proto,2026-10-01T04:46:06.812Z,200,29fe7146ff04ee776d500de3055d81aee6d392a190e0d7d5a7f4ccba42f7274f,14035
indieweb,IndieAuth W3C Working Group Note,https://www.w3.org/TR/indieauth/,specs/indieweb/indieauth-w3c-working-group-note.html,2026-10-01T04:46:10.650Z,200,3caa7e80215c7e289e51e1659d8cc5491b11a3100906effeb022adba1e169457,92874
indieweb,IndieAuth,https://indieauth.spec.indieweb.org/,specs/indieweb/indieauth.html,2026-10-01T04:38:52.449Z,200,ccfe781c9aedf8e39696c23b7b7363b3d4666e68af2ca4fa639b60786aa44b78,173636
indieweb,Mastodon profile link verification,https://docs.joinmastodon.org/user/profile/,specs/indieweb/mastodon-profile-link-verification.html,2026-10-01T04:46:11.053Z,200,230d687bc22a921d1955d9a2078a9a39c2bbd1e50e8e15d71b5e07a37b88ef83,35891
indieweb,Mastodon VerifyLinkService,https://raw.githubusercontent.com/mastodon/mastodon/main/app/services/verify_link_service.rb,specs/indieweb/mastodon-verifylinkservice.md,2026-10-01T04:46:11.418Z,200,34a6818f4b702170c4c88fc09531b94f9d07b00cb7622e6ef73878df681d1e11,1345
indieweb,rel-me (microformats wiki),https://microformats.org/wiki/rel-me,specs/indieweb/rel-me-microformats-wiki.html,2026-10-01T04:38:52.916Z,200,cee22c8edf9b2db6bec6191bd60026f342494d93b5a03d2b6d969130d27556b6,27723
keybase,Keybase Book: account,https://book.keybase.io/account,specs/keybase/keybase-book-account.html,2026-10-01T04:45:59.363Z,200,a7cb3f871a638440e72a553ecdf838a64a354f2efdc40f434b5586ce1ce44de9,64907
keybase,Keybase Book: Server security,https://book.keybase.io/docs/server,specs/keybase/keybase-book-server-security.html,2026-10-01T04:45:58.783Z,200,2adfba63240bfd4f696e6dd96233aabf7c09dbe924469e62071016aa61746b49,95357
keybase,Keybase Book: Stellar Merkle root,https://book.keybase.io/docs/server/stellar,specs/keybase/keybase-book-stellar-merkle-root.html,2026-10-01T04:45:59.193Z,200,1da20ec2e432998e433e519e3447aef83f3e6da9be71d152441f7d19a539536c,60567
keybase,keybase client expire_times.go,https://raw.githubusercontent.com/keybase/client/master/go/libkb/expire_times.go,specs/keybase/keybase-client-expire-times-go.md,2026-10-01T04:45:59.542Z,200,515607ee67e8bc8e6eb93ca0d70cb9404a548fdf2e8a4e7e81c3c9ed4a69e01e,1182
keyoxide,Ariadne Identity Specification core v0,https://ariadne.id/core/0/,specs/keyoxide/ariadne-identity-specification-core-v0.html,2026-10-01T04:45:48.429Z,200,8ec0b4413b6cd6ce6cac328d9e55b257918cca6db647bbd35f169c2be6774289,13928
keyoxide,Ariadne Signature Profile v0,https://ariadne.id/related/ariadne-signature-profile-0/,specs/keyoxide/ariadne-signature-profile-v0.html,2026-10-01T04:45:48.593Z,200,c66a5aec27cdd12765299e34e9176fb5d94fa3b77f619911cfa13c797717c566,67465
keyoxide,Keyoxide service providers,https://docs.keyoxide.org/service-providers/,specs/keyoxide/keyoxide-service-providers.html,2026-10-01T04:45:51.481Z,200,d1cde0287ac055750be6d0503388eefc1734e25ab373fa25ab75599bebcd6d9e,27741
nip05,NIP-05 Mapping Nostr keys to DNS-based internet identifiers,https://raw.githubusercontent.com/nostr-protocol/nips/master/05.md,specs/nip05/nip-05-mapping-nostr-keys-to-dns-based-internet-identifiers.md,2026-10-01T04:38:50.774Z,200,6eee88e6848aafc825995d8a85ab648c0195eb267af8e6c8540e4e8b2d10f450,6305
nip39,NIP-01 Basic protocol flow,https://raw.githubusercontent.com/nostr-protocol/nips/master/01.md,specs/nip39/nip-01-basic-protocol-flow.md,2026-10-01T04:38:50.839Z,200,6cd76682e7ec2d635f1f46b3660f621cdad1193d9174d316674b91f8d683af26,13894
nip39,NIP-26 Delegated Event Signing,https://raw.githubusercontent.com/nostr-protocol/nips/master/26.md,specs/nip39/nip-26-delegated-event-signing.md,2026-10-01T04:38:50.914Z,200,6a5de661716de15145c8c638a3bb0b8541f5929f13a1fa456392a12d124e1959,4945
nip39,NIP-39 External Identities in Profiles,https://raw.githubusercontent.com/nostr-protocol/nips/master/39.md,specs/nip39/nip-39-external-identities-in-profiles.md,2026-10-01T04:38:50.661Z,200,f2e798941d8d8a702a7a69aa958b4dbfc0894b100c1bcf261ace0c56c191cc36,3646
passport,Human Passport: expirations,https://docs.passport.human.tech/building-with-passport/stamps/major-concepts/expirations,specs/passport/human-passport-expirations.html,2026-10-01T04:46:57.598Z,200,8fd7cc75844bf6855855499210bc2bf9ad9e1171ea4f58ab7fa1a80ee5201820,228283
passport,Human Passport: key terms,https://docs.passport.human.tech/overview/key-terms,specs/passport/human-passport-key-terms.html,2026-10-01T04:46:57.546Z,200,f5daa131ea42b95536257d303c035912aa840d1ecfeca7b10d4e096c00cf65e6,305671
passport,passport eas-proxy onchain data,https://raw.githubusercontent.com/passportxyz/eas-proxy/main/docs/00-onchain-data.md,specs/passport/passport-eas-proxy-onchain-data.md,2026-10-01T04:46:58.050Z,200,fc774dc143ea2e3cfc9e2d2a046b1bb8fe3e6b51250ff4548d0e0e75deb3f6fe,9404
passport,passport identity credentials.ts,https://raw.githubusercontent.com/passportxyz/passport/main/identity/src/credentials.ts,specs/passport/passport-identity-credentials-ts.md,2026-10-01T04:46:57.732Z,200,b17a7d3cb55af7205e44de15f1580c20f52cbda88a4ca2fe07140c0b9db5161b,7559
passport,passport identity issuers.ts,https://raw.githubusercontent.com/passportxyz/passport/main/identity/src/issuers.ts,specs/passport/passport-identity-issuers-ts.md,2026-10-01T04:46:57.822Z,200,7e2717301029a7966f857a922aacf7df98b696cfb3e7b5f34d873f166ec51e2b,1386
pkarr,DID DHT Method Specification,https://raw.githubusercontent.com/TBD54566975/did-dht/main/spec/spec.md,specs/pkarr/did-dht-method-specification.md,2026-10-01T04:46:56.246Z,200,5010f9f8a41a1090e4dd9dff21445af07b27c6a50b5ec0c8413598d330eef057,84218
pkarr,Pkarr base design,https://raw.githubusercontent.com/pubky/pkarr/main/design/base.md,specs/pkarr/pkarr-base-design.md,2026-10-01T04:46:07.213Z,200,8092e41fce071c9a0045f0ebe6e8b1d93f63f5e834512f853d623e067affca85,3622
pkarr,Pkarr endpoints design,https://raw.githubusercontent.com/pubky/pkarr/main/design/endpoints.md,specs/pkarr/pkarr-endpoints-design.md,2026-10-01T04:46:07.430Z,200,817deeda1cd9576e9e74d81161950d952dee55553edc3f77fc7e251f6d81a29f,3535
pkarr,Pkarr README,https://raw.githubusercontent.com/pubky/pkarr/main/README.md,specs/pkarr/pkarr-readme.md,2026-10-01T04:38:53.327Z,200,9f6dea40ff554bcd7e72cb777d07d9ff00c52a6b28717312170efae159b9fc19,4762
pkarr,Pkarr relays design,https://raw.githubusercontent.com/pubky/pkarr/main/design/relays.md,specs/pkarr/pkarr-relays-design.md,2026-10-01T04:46:08.390Z,200,6aee168eeb169ac45ac09540836e8f1db49eac114cc6ebfd58f8f5030b50879e,3552
recap,ERC-4361 Sign-In with Ethereum,https://raw.githubusercontent.com/ethereum/ERCs/master/ERCS/erc-4361.md,specs/recap/erc-4361-sign-in-with-ethereum.md,2026-10-01T04:38:51.883Z,200,bf30a6e2cf0580d2cb0ded54b4436fb5a3d3ff6ae01b3e404c946780e6a4eb4c,26740
recap,ERC-5573 SIWE ReCap,https://raw.githubusercontent.com/ethereum/ERCs/master/ERCS/erc-5573.md,specs/recap/erc-5573-siwe-recap.md,2026-10-01T04:38:51.667Z,200,dfafa147caf583b46e4d502fa819dce41f32f278bd76ff83457b76a035b1b892,17826
sigstore,Fulcio certificate specification,https://raw.githubusercontent.com/sigstore/fulcio/main/docs/certificate-specification.md,specs/sigstore/fulcio-certificate-specification.md,2026-10-01T04:46:56.404Z,200,fdc86814ed77d3a3e3713986236d3be50d7f0cdd986dcc280ed5a3b360128790,6143
sigstore,Fulcio: how certificate issuing works,https://raw.githubusercontent.com/sigstore/fulcio/main/docs/how-certificate-issuing-works.md,specs/sigstore/fulcio-how-certificate-issuing-works.md,2026-10-01T04:46:56.337Z,200,99810d62733377f9adb24d910814c7ff306c73bd8c2c964ad9b2b461170c40a7,5534
sigstore,Fulcio security model,https://raw.githubusercontent.com/sigstore/fulcio/main/docs/security-model.md,specs/sigstore/fulcio-security-model.md,2026-10-01T04:46:56.522Z,200,5e5b328a2839c41bfc8f4ad0e9b7240969c1c4e2db5295f4f7c81062a55ffe43,1980
sigstore,Rekor v2 GA,https://blog.sigstore.dev/rekor-v2-ga/,specs/sigstore/rekor-v2-ga.html,2026-10-01T04:46:57.304Z,200,3acb6cbb365925eb83fa0e0faa608ae7e719d6026dfde284aaaeb3fb73cb4fcd,15771
sigstore,Sigstore client spec,https://raw.githubusercontent.com/sigstore/architecture-docs/main/client-spec.md,specs/sigstore/sigstore-client-spec.md,2026-10-01T04:46:56.758Z,200,535cff67f5808e0aca9a76a6d5faf3c64ae051574a22f6278b641828bb53d89f,32418
sigstore,Sigstore docs: OIDC in Fulcio,https://docs.sigstore.dev/certificate_authority/oidc-in-fulcio/,specs/sigstore/sigstore-docs-oidc-in-fulcio.html,2026-10-01T04:46:57.162Z,200,e04d1fb1915d9b4d3279412da2c62fe948034231217772aeb648fe3ffbd57c54,54057
sigstore,Sigstore public deployment spec,https://raw.githubusercontent.com/sigstore/architecture-docs/main/sigstore-public-deployment-spec.md,specs/sigstore/sigstore-public-deployment-spec.md,2026-10-01T04:46:56.642Z,200,072eca503a2a2bc4cbafdba17cea39e7cdd20649fc52ecedac2b8a583f926191,17320
storacha-mailto,did:mailto spec,https://raw.githubusercontent.com/storacha/specs/main/did-mailto.md,specs/storacha-mailto/did-mailto-spec.md,2026-10-01T04:46:08.808Z,200,5a43caf434c526e261295ab16082a23ac497cf1cbddd960f72874962a632ef01,6790
storacha-mailto,w3-account spec,https://raw.githubusercontent.com/storacha/specs/main/w3-account.md,specs/storacha-mailto/w3-account-spec.md,2026-10-01T04:46:09.042Z,200,a834c52b8165f2fb38eae39783d1c6d44737ef2a17249cf15b7bbce3095b8468,20721
storacha-mailto,w3-session spec,https://raw.githubusercontent.com/storacha/specs/main/w3-session.md,specs/storacha-mailto/w3-session-spec.md,2026-10-01T04:46:09.305Z,200,5fb46df69ee6bd6d6ad876def0f2fd0221d14718fd8d454166303778d382eac5,15130
storacha-mailto,w3-ucan spec,https://raw.githubusercontent.com/storacha/specs/main/w3-ucan.md,specs/storacha-mailto/w3-ucan-spec.md,2026-10-01T04:46:09.934Z,200,d3d491288db5ad9139648d9606a46aec459e11f01a0315d021ff57bd5a5cac41,10996
ucan,did:key method,https://w3c-ccg.github.io/did-key-spec/,specs/ucan/did-key-method.html,2026-10-01T04:39:04.698Z,200,e014a146acb0dcdafbdfee01226061d778da3ee72e8a048a7d53754c79675764,49713
ucan,UCAN Delegation,https://raw.githubusercontent.com/ucan-wg/delegation/main/README.md,specs/ucan/ucan-delegation.md,2026-10-01T04:38:51.271Z,200,172fa500c6251bd59b07ce7d016189ca421b6ebc85031e48b1a0aa907d735b58,34783
ucan,UCAN Invocation,https://raw.githubusercontent.com/ucan-wg/invocation/main/README.md,specs/ucan/ucan-invocation.md,2026-10-01T04:38:51.348Z,200,e8cf4f617653efce3a8767ae67ea52b26c205ba76bccd3e9849b7ae37c44053b,26467
ucan,UCAN Promise,https://raw.githubusercontent.com/ucan-wg/promise/main/README.md,specs/ucan/ucan-promise.md,2026-10-01T04:38:51.561Z,200,e3b0c44298fc1c149afbf4c8996fb92427ae41e4649b934ca495991b7852b855,0
ucan,UCAN Revocation,https://raw.githubusercontent.com/ucan-wg/revocation/main/README.md,specs/ucan/ucan-revocation.md,2026-10-01T04:38:51.439Z,200,3ee0a978f3e176a4859195e8d043c1ac0d481fc7a4814184241d2d6179892e1e,23306
ucan,UCAN specification,https://raw.githubusercontent.com/ucan-wg/spec/main/README.md,specs/ucan/ucan-specification.md,2026-10-01T04:38:51.157Z,200,3e0a8ff637b448c50223bbac09c891eac2d2f0e2eab5153d1b705cde1b24dae5,52428
