offering,lens,category
nip39,prediction,bidirectional
nip05,prediction,bidirectional
atproto,prediction,bidirectional
keyoxide,prediction,bidirectional
keybase,prediction,bidirectional
sigstore,prediction,issuer
ucan-mailto,prediction,delegation
pkarr,prediction,misfit
nip39,family,bidirectional
nip05,family,bidirectional
atproto,family,hybrid
keyoxide,family,bidirectional
keybase,family,bidirectional
sigstore,family,issuer
ucan-mailto,family,issuer
pkarr,family,misfit
nip39,pki,self-issued
nip05,pki,self-issued
atproto,pki,hybrid
keyoxide,pki,self-issued
keybase,pki,self-issued
sigstore,pki,third-party
ucan-mailto,pki,third-party
pkarr,pki,self-issued
nip39,verify-trust,platform
nip05,verify-trust,platform
atproto,verify-trust,registry
keyoxide,verify-trust,platform
keybase,verify-trust,platform
sigstore,verify-trust,issuer
ucan-mailto,verify-trust,issuer
pkarr,verify-trust,nobody
