offering,fact,value,source_url,source_date
nip39,proof.key_signs_account_name,yes,,
nip39,proof.account_posts_key,yes,,
nip39,verify.fetches_from_platform,yes,,
nip39,verify.needs_issuer,no,,
nip39,lifecycle.link_survives_rotation,no,,
nip39,record.transparency_log,no,,
nip05,proof.key_signs_account_name,yes,,
nip05,proof.account_posts_key,yes,,
nip05,verify.fetches_from_platform,yes,,
nip05,verify.needs_issuer,no,,
nip05,lifecycle.link_survives_rotation,no,,
nip05,record.transparency_log,no,,
atproto,proof.key_signs_account_name,yes,,
atproto,proof.account_posts_key,yes,,
atproto,verify.fetches_from_platform,yes,,
atproto,verify.needs_issuer,no,,
atproto,lifecycle.link_survives_rotation,yes,,
atproto,record.transparency_log,unknown,,
keyoxide,proof.key_signs_account_name,yes,,
keyoxide,proof.account_posts_key,yes,,
keyoxide,verify.fetches_from_platform,yes,,
keyoxide,verify.needs_issuer,no,,
keyoxide,lifecycle.link_survives_rotation,no,,
keyoxide,record.transparency_log,no,,
keybase,proof.key_signs_account_name,yes,,
keybase,proof.account_posts_key,yes,,
keybase,verify.fetches_from_platform,yes,,
keybase,verify.needs_issuer,no,,
keybase,lifecycle.link_survives_rotation,yes,,
keybase,record.transparency_log,unknown,,
sigstore,proof.key_signs_account_name,no,,
sigstore,proof.account_posts_key,no,,
sigstore,verify.fetches_from_platform,no,,
sigstore,verify.needs_issuer,yes,,
sigstore,lifecycle.link_survives_rotation,no,,
sigstore,record.transparency_log,yes,,
ucan-mailto,proof.key_signs_account_name,no,,
ucan-mailto,proof.account_posts_key,no,,
ucan-mailto,verify.fetches_from_platform,no,,
ucan-mailto,verify.needs_issuer,yes,,
ucan-mailto,lifecycle.link_survives_rotation,unknown,,
ucan-mailto,record.transparency_log,no,,
pkarr,proof.key_signs_account_name,no,,
pkarr,proof.account_posts_key,no,,
pkarr,verify.fetches_from_platform,no,,
pkarr,verify.needs_issuer,no,,
pkarr,lifecycle.link_survives_rotation,no,,
pkarr,record.transparency_log,no,,
