offering,fact,value,source_url,source_date,note
nip39,proof.key_signs_claim,yes,https://github.com/nostr-protocol/nips/blob/master/39.md,2026-09-27,"The claim is an `i` tag (platform:identity, proof) inside a kind 10011 event signed by the Nostr key. Before PR #2216 (merged 2026-02-10) it was in kind 0, which is also signed."
nip39,proof.anchor_publishes_key,yes,https://github.com/nostr-protocol/nips/blob/master/39.md,2026-09-27,"The claimed account publishes a gist, tweet, toot, Telegram message, Bluesky post or Discord message containing 'Verifying that I control the following Nostr public key: <npub>'."
nip39,proof.third_party_signs_binding,no,https://github.com/nostr-protocol/nips/blob/master/39.md,2026-09-27,Only the key holder (event signature) and the anchor platform (hosting the post) are involved. No issuer or attestor.
nip39,proof.uses_oauth_oidc,no,https://github.com/nostr-protocol/nips/blob/master/39.md,2026-09-27,The user posts the proof by hand. The spec defines no OAuth step.
nip39,proof.capability_delegation,no,https://github.com/nostr-protocol/nips/blob/master/39.md,2026-09-27,"It is a claim of control ('I control this npub'), not a grant of authority."
nip39,proof.anchor_is_dns,no,https://github.com/nostr-protocol/nips/blob/master/39.md,2026-09-27,"The defined platforms are github, twitter, mastodon, telegram, bluesky and discord. DNS anchoring is a separate NIP (NIP-05)."
nip39,proof.anchor_is_email,no,https://github.com/nostr-protocol/nips/blob/master/39.md,2026-09-27,No email platform is defined.
nip39,proof.anchor_is_social,yes,https://github.com/nostr-protocol/nips/blob/master/39.md,2026-09-27,"GitHub, Twitter/X, Mastodon, Telegram, Bluesky, Discord."
nip39,verify.offline_possible,no,https://github.com/nostr-protocol/nips/blob/master/39.md,2026-09-27,"The proof is only a pointer (gist id, tweet id). The verifier must fetch the post from the platform to check that it contains the npub."
nip39,verify.fetches_anchor,yes,https://github.com/nostr-protocol/nips/blob/master/39.md,2026-09-27,"For example, fetch https://gist.github.com/<identity>/<proof>."
nip39,verify.needs_issuer_trust,no,https://github.com/nostr-protocol/nips/blob/master/39.md,2026-09-27,No issuer key is involved.
nip39,verify.needs_registry,no,https://github.com/nostr-protocol/nips/blob/master/01.md,2026,"The kind 10011 event authenticates itself (Schnorr signature). It can come from any relay or be presented directly. Relays are transport, not an authority that must be queried."
nip39,verify.no_author_service,yes,https://github.com/nostr-protocol/nips/blob/master/39.md,2026-09-27,Verification needs only the signed event and the anchor platform. Nostr has no central service run by the spec authors.
nip39,verify.breaks_if_api_closed,yes,https://github.com/nostr-protocol/nips/pull/2486,2026-09-27,Proofs are posts on the platform. The PR states that Discord proofs cannot be checked by clients that are not in the server. X tweet fetching already depends on an API or scraping.
nip39,lifecycle.survives_key_rotation,no,https://github.com/nostr-protocol/nips/blob/master/README.md,2026,"The proof text names one npub. Nostr has no merged key-rotation NIP (no 41.md on master), and NIP-26 delegation is marked unrecommended. A new key needs new proofs."
nip39,lifecycle.explicit_revocation,no,https://github.com/nostr-protocol/nips/blob/master/39.md,2026-09-27,"No revocation construct exists. The user can only publish a new replaceable kind 10011 without the tag, or delete the post."
nip39,lifecycle.expiry,no,https://github.com/nostr-protocol/nips/blob/master/39.md,2026-09-27,No expiry is defined. The PR asks verifiers to accept old-format proofs indefinitely.
nip39,lifecycle.key_recovery,no,https://github.com/nostr-protocol/nips/pull/1452,2024-08,"Key migration and recovery proposals (#158, #829, #1032, #1056, #1452) are all unmerged. No 41.md exists on master as of 2026-10-01."
nip39,lifecycle.replay_protected,no,https://github.com/nostr-protocol/nips/blob/master/39.md,2026-09-27,"Proof text has no nonce or date. The created_at of the event is not tied to the post date, and no log exists. Verification is a live fetch, so a proof left on a transferred account (e.g. a Mastodon instance domain changing hands) still verifies."
nip39,record.transparency_log,no,https://github.com/nostr-protocol/nips/blob/master/01.md,2026,"Kind 10011 is a replaceable event. Relays keep only the latest one, so there is no append-only history."
nip39,record.self_hosted_possible,yes,https://github.com/nostr-protocol/nips/blob/master/01.md,2026,The user can run their own relay for the record. The proof itself lives on the anchor platform by design.
nip39,record.multi_operator,yes,https://github.com/nostr-protocol/nips/pull/2486,2026-09-27,The survey in the PR collected kind 10011 from 11 major relays. Clients publish the same signed event to many independent relays.
nip39,portability.generic_key,no,https://github.com/nostr-protocol/nips/blob/master/39.md,2026-09-27,"The proof text names an npub (secp256k1 BIP-340 key), and the claim must be a signed Nostr event."
nip39,portability.extensible_anchors,yes,https://github.com/nostr-protocol/nips/pull/2486,2026-09-27,Platform names are open strings. The survey found Bluesky (271) and Discord (70) claims published before the spec defined them. Verifiers still need per-platform fetch logic.
nip39,adoption.spec_maturity,2,https://github.com/nostr-protocol/nips/blob/master/39.md,2026-09-27,"Community NIP, labeled 'draft optional'."
nip39,adoption.active_2026,yes,https://github.com/nostr-protocol/nips/commits/master/39.md,2026-09-27,"Two substantive changes in 2026: moved to kind 10011 (2026-02-10, #2216), and unified text plus Bluesky and Discord (2026-09-27, #2486)."
nip39,adoption.client_display,no,https://github.com/vitorpamplona/amethyst/blob/main/amethyst/src/main/java/com/vitorpamplona/amethyst/ui/screen/loggedIn/profile/header/DrawAdditionalInfo.kt,2026,"Amethyst shows each claim with an icon and opens the proof URL on tap, but does not fetch or check it. Code search found no NIP-39 or kind 10011 code in Damus or primal-web-app. nostr.band, formerly the best-known verifier, was unreachable on 2026-10-01. Smaller tools (nostr-components directory, gittr) verify."
nip39,effort.attachable,no,https://github.com/nostr-protocol/nips/blob/master/39.md,2026-09-27,This only works if the key you own is a Nostr secp256k1 key that publishes signed events to relays. For an existing Nostr user it is attach tier.
nip39,effort.requires_platform_migration,yes,https://github.com/nostr-protocol/nips/blob/master/39.md,2026-09-27,"A holder of a non-Nostr key (DID, ed25519, PGP) must adopt a Nostr keypair and relay presence to use it."
nip05,proof.key_signs_claim,yes,https://github.com/nostr-protocol/nips/blob/master/05.md,2026-06,The `nip05` field ('bob@example.com') is in the kind 0 metadata event signed by the key.
nip05,proof.anchor_publishes_key,yes,https://github.com/nostr-protocol/nips/blob/master/05.md,2026-06,https://<domain>/.well-known/nostr.json?name=<local> returns names -> lowercase hex pubkey.
nip05,proof.third_party_signs_binding,no,https://github.com/nostr-protocol/nips/blob/master/05.md,2026-06,"Nothing is signed besides the kind 0 event. The domain asserts the mapping through HTTPS only. Hosted NIP-05 providers act as the domain (anchor), not as a separate signer."
nip05,proof.uses_oauth_oidc,no,https://github.com/nostr-protocol/nips/blob/master/05.md,2026-06,Static JSON file. No login step.
nip05,proof.capability_delegation,no,https://github.com/nostr-protocol/nips/blob/master/05.md,2026-06,"A name-to-key mapping. The spec calls it 'identification, not verification'."
nip05,proof.anchor_is_dns,yes,https://github.com/nostr-protocol/nips/blob/master/05.md,2026-06,"The anchor is a web domain, served over HTTPS at /.well-known."
nip05,proof.anchor_is_email,no,https://github.com/nostr-protocol/nips/blob/master/05.md,2026-06,Email-shaped identifier but resolved by HTTPS GET to the domain's nostr.json; no mailbox involved (also stated by https://www.name.com/blog/how-to-get-nostr-verified-on-a-custom-domain).
nip05,proof.anchor_is_social,no,https://github.com/nostr-protocol/nips/blob/master/05.md,2026-06,Domains only. Platform-hosted names (e.g. user@primal.net) are domain anchors run by a platform.
nip05,verify.offline_possible,no,https://github.com/nostr-protocol/nips/blob/master/05.md,2026-06,The client must make a GET to the domain's nostr.json.
nip05,verify.fetches_anchor,yes,https://github.com/nostr-protocol/nips/blob/master/05.md,2026-06,"Live HTTPS fetch, which must not follow redirects."
nip05,verify.needs_issuer_trust,no,https://github.com/nostr-protocol/nips/blob/master/05.md,2026-06,No issuer key. Trust rests on the domain via WebPKI TLS.
nip05,verify.needs_registry,no,https://github.com/nostr-protocol/nips/blob/master/05.md,2026-06,"Only the signed kind 0 and the domain's file are needed. DNS resolution is implicit, but no registry, log or chain is queried."
nip05,verify.no_author_service,yes,https://github.com/nostr-protocol/nips/blob/master/05.md,2026-06,No central Nostr service is involved.
nip05,verify.breaks_if_api_closed,no,https://github.com/nostr-protocol/nips/blob/master/05.md,2026-06,"A plain static file on a domain the user can control, with no platform API. For names hosted by a provider (e.g. primal.net), verification depends on that provider continuing to serve the file."
nip05,lifecycle.survives_key_rotation,no,https://github.com/nostr-protocol/nips/blob/master/05.md,2026-06,"The mapping names one hex key. The domain owner can re-point the name to a new key without the old key, which is the de facto Nostr 'migration'. But the spec says clients follow pubkeys, not identifiers, so follows do not move."
nip05,lifecycle.explicit_revocation,no,https://github.com/nostr-protocol/nips/blob/master/05.md,2026-06,Removing or changing the nostr.json entry is the only path. Clients 'should cease displaying' the identifier when the domain stops confirming it.
nip05,lifecycle.expiry,no,https://github.com/nostr-protocol/nips/blob/master/05.md,2026-06,"No expiry. Clients cache at their own discretion, e.g. Brainstorm-UI caches 30 min (https://github.com/NosFabrica/Brainstorm-UI/pull/87)."
nip05,lifecycle.key_recovery,no,https://github.com/nostr-protocol/nips/blob/master/README.md,2026,"Nostr has no merged recovery NIP. NIP-05 lets a name be re-pointed, but the old pubkey's followers and history are not migrated."
nip05,lifecycle.replay_protected,no,https://github.com/nostr-protocol/nips/blob/master/05.md,2026-06,"No timestamps, nonces or log. Verification is a live fetch, so a new domain owner fully controls the result. An old proof cannot be replayed, but the new owner can re-bind the name."
nip05,record.transparency_log,no,https://github.com/nostr-protocol/nips/blob/master/05.md,2026-06,Neither kind 0 (replaceable) nor nostr.json keeps history.
nip05,record.self_hosted_possible,yes,https://github.com/nostr-protocol/nips/blob/master/05.md,2026-06,The user can host nostr.json on their own domain and the kind 0 on their own relay. A registrar is still needed for the domain.
nip05,record.multi_operator,yes,https://github.com/nostr-protocol/nips/blob/master/01.md,2026,The kind 0 record replicates across independent relays. The nostr.json proof is on a single web host.
nip05,portability.generic_key,no,https://github.com/nostr-protocol/nips/blob/master/05.md,2026-06,"Maps names to Nostr hex pubkeys (secp256k1 x-only), and the claim side is a signed Nostr kind 0."
nip05,portability.extensible_anchors,no,https://github.com/nostr-protocol/nips/blob/master/05.md,2026-06,Domains only.
nip05,adoption.spec_maturity,2,https://github.com/nostr-protocol/nips/blob/master/05.md,2026-06,"Community NIP, status 'final optional'."
nip05,adoption.active_2026,yes,https://github.com/nostr-protocol/nips/commits/master/05.md,2026-06,Feb 2026: explicit lowercase hex requirement. Jun 2026: formatting.
nip05,adoption.client_display,yes,https://github.com/damus-io/damus/blob/master/damus/Features/NIP05/Models/NIP05.swift,2026,"Damus fetches /.well-known/nostr.json to verify, and Amethyst has a Nip05 verifier in quartz/nip05DnsIdentifiers. Primal shows a checkmark next to verified names (https://www.name.com/blog/how-to-get-nostr-verified-on-a-custom-domain)."
nip05,effort.attachable,no,https://github.com/nostr-protocol/nips/blob/master/05.md,2026-06,"Only for Nostr keys. An existing Nostr user attaches by adding one JSON file, which is attach tier for them."
nip05,effort.requires_platform_migration,yes,https://github.com/nostr-protocol/nips/blob/master/05.md,2026-06,A non-Nostr key holder must adopt a Nostr keypair and kind 0 profile.
atproto-handle,proof.key_signs_claim,yes,https://web.plc.directory/spec/v0.1/did-plc,2025-12,For did:plc (the deployed default) the at://handle entry in alsoKnownAs is part of a PLC operation signed by a rotation key. For did:web the DID doc is a plain HTTPS file and is not signed.
atproto-handle,proof.anchor_publishes_key,yes,https://atproto.com/specs/handle,2026,The domain publishes the DID in DNS TXT _atproto.<handle> (did=...) or at https://<handle>/.well-known/atproto-did.
atproto-handle,proof.third_party_signs_binding,no,https://web.plc.directory/spec/v0.1/did-plc,2025-12,The PLC directory validates and orders operations but does not sign them; only rotation keys sign. No third-party attestation is involved.
atproto-handle,proof.uses_oauth_oidc,no,https://atproto.com/specs/handle,2026,The link is made by editing DNS or a well-known file and updating the DID doc. No OAuth login to the domain is involved.
atproto-handle,proof.capability_delegation,no,https://atproto.com/specs/handle,2026,"This is a two-way claim of sameness (DID doc names the handle, domain names the DID). It does not delegate authority."
atproto-handle,proof.anchor_is_dns,yes,https://atproto.com/specs/handle,2026,"The handle is a DNS name, resolved via DNS TXT or HTTPS well-known."
atproto-handle,proof.anchor_is_email,no,https://atproto.com/specs/handle,2026,The only handle form is a DNS hostname. Email addresses are not handles.
atproto-handle,proof.anchor_is_social,no,https://atproto.com/specs/handle,2026,Only domains are supported. A platform can act as an anchor only by giving out subdomains (as bsky.social does).
atproto-handle,verify.offline_possible,no,https://atproto.com/specs/handle,2026,"The spec requires live resolution of both handle to DID and DID to doc, and says handles must not be trusted until the DID doc is confirmed to link back."
atproto-handle,verify.fetches_anchor,yes,https://atproto.com/specs/handle,2026,The verifier must query DNS or fetch https://<handle>/.well-known/atproto-did.
atproto-handle,verify.needs_issuer_trust,no,https://web.plc.directory/spec/v0.1/did-plc,2025-12,There is no issuer. PLC operations are self-certifying through rotation-key signatures.
atproto-handle,verify.needs_registry,yes,https://web.plc.directory/spec/v0.1/did-plc,2025-12,did:plc (the deployed default) must be resolved via the PLC directory or a replica. did:web avoids the registry but is a minority path.
atproto-handle,verify.no_author_service,yes,https://atproto.com/blog/plc-replicas,2026-02-18,"did:plc can be resolved from community mirrors or self-run validating replicas (open source, go-didplc), and did:web needs no Bluesky service at all. In practice most clients use plc.directory, which Bluesky PBC still runs."
atproto-handle,verify.breaks_if_api_closed,no,https://atproto.com/specs/handle,2026,"The anchor is DNS or HTTPS on the user's own domain, so there is no platform API to close."
atproto-handle,lifecycle.survives_key_rotation,yes,https://web.plc.directory/spec/v0.1/did-plc,2025-12,"The handle binds to the DID, not to a key. Rotation and signing keys can change through PLC operations without breaking the DNS record."
atproto-handle,lifecycle.explicit_revocation,yes,https://web.plc.directory/spec/v0.1/did-plc,2025-12,"A signed PLC operation can remove or replace alsoKnownAs, which ends the bidirectional link. Removing the DNS TXT also works."
atproto-handle,lifecycle.expiry,no,https://atproto.com/specs/handle,2026,Handles do not expire by design. The spec only recommends periodic re-resolution of cached results.
atproto-handle,lifecycle.key_recovery,yes,https://web.plc.directory/spec/v0.1/did-plc,2025-12,Rotation keys are listed in priority order (1-5 keys). A higher-priority key can override operations by lower keys within 72 hours.
atproto-handle,lifecycle.replay_protected,yes,https://atproto.com/specs/handle,2026,"Verification is a live two-way check. If the domain changes hands and the new owner repoints DNS, the old DID's claim fails and is shown as handle.invalid. PLC operations are also hash-chained with timestamps."
atproto-handle,record.transparency_log,no,https://dholms.leaflet.pub/3m6zswymcqk2p,2025,"PLC keeps a public audit log (/log/audit, /export), but it is not yet a Merkle transparency log, and the directory can drop accepted operations. A Sunlight-style tlog is planned (sequence numbers were added in Jan 2026)."
atproto-handle,record.self_hosted_possible,yes,https://atproto.com/specs/did,2026,"With did:web plus your own domain, both the record and the proof are self-hosted. did:web gets no migration or recovery support, and did:plc cannot be self-hosted."
atproto-handle,record.multi_operator,no,https://updates.microcosm.blue/3lz7nwvh4zc2u,2025-09-19,"Only one authoritative PLC directory accepts writes. Mirrors and replicas are read-only copies, and in Sept 2025 only about 3 public mirrors existed."
atproto-handle,portability.generic_key,no,https://atproto.com/specs/did,2026,"Only did:plc and did:web are supported, and keys must be secp256k1 or P-256. Ed25519 and other DID methods are not accepted."
atproto-handle,portability.extensible_anchors,no,https://atproto.com/specs/handle,2026,The only anchor type is a DNS hostname. Any other anchor would need a spec change.
atproto-handle,adoption.spec_maturity,1,https://atproto.com/blog/kicking-off-the-atp-working-group,2026-04-02,"An IETF ATP WG was chartered in March 2026, and its scope covers identifier resolution requirements and a registry of methods such as PLC and did:web. The handle and did:plc specs are still published by Bluesky and PLC, not as adopted drafts."
atproto-handle,adoption.active_2026,yes,https://atproto.com/blog/plc-replicas,2026-02-18,"PLC read replicas (Feb 2026), export API changes (Jan 2026), and the PLC Org setup (Sept 2026)."
atproto-handle,adoption.client_display,yes,https://bsky.social/about/blog/04-21-2025-verification,2025-04-21,"The Bluesky app shows the domain handle as the username. Bluesky reports more than 270,000 domain-handle accounts as of April 2025."
atproto-handle,effort.attachable,no,https://atproto.com/specs/did,2026,"Requires an atproto DID (did:plc or did:web) with secp256k1 or P-256 keys. An existing PGP, nostr, or ed25519 identity cannot be attached."
atproto-handle,effort.requires_platform_migration,yes,https://atproto.com/specs/did,2026,You must create an atproto identity (DID doc with #atproto key and at:// alsoKnownAs).
bsky-verification,proof.key_signs_claim,no,https://github.com/bluesky-social/atproto/blob/main/lexicons/app/bsky/graph/verification.json,2025-04,The record lives in the verifier's repo. The subject's key never signs anything.
bsky-verification,proof.anchor_publishes_key,no,https://github.com/bluesky-social/atproto/blob/main/lexicons/app/bsky/graph/verification.json,2025-04,"No external anchor publishes anything. The verifier's record names the subject DID, handle, and displayName."
bsky-verification,proof.third_party_signs_binding,yes,https://atproto.com/specs/repository,2026,"The verifier (Bluesky or a trusted-verifier org) writes the record into its own repo, and that repo commit is signed by the verifier's atproto signing key."
bsky-verification,proof.uses_oauth_oidc,no,https://bsky.social/about/blog/04-21-2025-verification,2025-04-21,Verification is an editorial decision by Bluesky moderation or a trusted verifier org. No OAuth to an external account is involved.
bsky-verification,proof.capability_delegation,no,https://github.com/bluesky-social/atproto/blob/main/lexicons/app/bsky/graph/verification.json,2025-04,"The record is an attestation about a subject DID, not a delegation. Trusted-verifier status works like a CA hierarchy, but it is configured in the AppView rather than expressed as a capability."
bsky-verification,proof.anchor_is_dns,no,https://github.com/bluesky-social/atproto/blob/main/lexicons/app/bsky/graph/verification.json,2025-04,"The record snapshots the handle string, which may be a domain, but it attests to off-protocol authenticity and notability, not control of a domain. Bluesky says domain handles are 'different from a verification badge'."
bsky-verification,proof.anchor_is_email,no,https://github.com/bluesky-social/atproto/blob/main/lexicons/app/bsky/graph/verification.json,2025-04,The record has no email field.
bsky-verification,proof.anchor_is_social,no,https://github.com/bluesky-social/atproto/blob/main/lexicons/app/bsky/graph/verification.json,2025-04,The record has no field for an external account. It attests that the atproto account belongs to an authentic or notable entity.
bsky-verification,verify.offline_possible,no,https://github.com/bluesky-social/atproto/blob/main/lexicons/app/bsky/actor/defs.json,2025-04,"Validity requires the issuer to be trusted by the app and the current handle and displayName to match the record. Both need live state, and in the Bluesky app the AppView computes them."
bsky-verification,verify.fetches_anchor,no,https://github.com/bluesky-social/atproto/blob/main/lexicons/app/bsky/graph/verification.json,2025-04,There is no external anchor to fetch. The verifier reads the issuer repo or the AppView.
bsky-verification,verify.needs_issuer_trust,yes,https://github.com/bluesky-social/atproto/blob/main/lexicons/app/bsky/graph/verification.json,2025-04,"Per the lexicon, verifications are valid only if issued by an account the app considers trusted."
bsky-verification,verify.needs_registry,yes,https://web.plc.directory/spec/v0.1/did-plc,2025-12,Issuer and subject DIDs (mostly did:plc) must be resolved to check signatures and current handles.
bsky-verification,verify.no_author_service,no,https://github.com/bluesky-social/atproto/blob/main/lexicons/app/bsky/actor/defs.json,2025-04,"In practice validity (verifiedStatus, trustedVerifierStatus, isValid) is computed by the Bluesky AppView. The root issuer bsky.app and its records are on Bluesky infrastructure, and the trusted-verifier list is set by Bluesky."
bsky-verification,verify.breaks_if_api_closed,no,https://github.com/bluesky-social/atproto/blob/main/lexicons/app/bsky/graph/verification.json,2025-04,"There is no external anchor platform. Issuer records stay readable from PDS and relays even without Bluesky's AppView, though a client would need its own verifier list."
bsky-verification,lifecycle.survives_key_rotation,yes,https://github.com/bluesky-social/atproto/blob/main/lexicons/app/bsky/graph/verification.json,2025-04,"The record names the subject DID, not a key, so key rotation does not affect it. Changing the handle or displayName does invalidate it."
bsky-verification,lifecycle.explicit_revocation,yes,https://github.com/bluesky-social/atproto/blob/main/lexicons/app/bsky/actor/defs.json,2025-04,"Besides deleting the record, the AppView can mark a trusted verifier invalid (trustedVerifierStatus), which voids all of its verifications. Handle or displayName changes also invalidate automatically."
bsky-verification,lifecycle.expiry,no,https://github.com/bluesky-social/atproto/blob/main/lexicons/app/bsky/graph/verification.json,2025-04,Only createdAt is stored. There is no expiry field.
bsky-verification,lifecycle.key_recovery,yes,https://web.plc.directory/spec/v0.1/did-plc,2025-12,Inherited from did:plc rotation keys for the subject and issuer accounts. The verification feature itself defines no recovery.
bsky-verification,lifecycle.replay_protected,yes,https://github.com/bluesky-social/atproto/blob/main/lexicons/app/bsky/graph/verification.json,2025-04,"The record binds a DID plus a snapshot of the handle and displayName, and is valid only while both still match. The record is mutable and can be deleted live."
bsky-verification,record.transparency_log,no,https://atproto.com/specs/repository,2026,"Repos are mutable signed Merkle trees. Records can be deleted with no tombstone, and there is no append-only log."
bsky-verification,record.self_hosted_possible,no,https://bsky.social/about/blog/04-21-2025-verification,2025-04-21,The proof must be issued by Bluesky or a Bluesky-approved trusted verifier from that verifier's repo. A user cannot self-issue a recognized check.
bsky-verification,record.multi_operator,no,https://github.com/bluesky-social/atproto/blob/main/lexicons/app/bsky/actor/defs.json,2025-04,"Records are relayed over the firehose, but recognized validity comes from one operator, the Bluesky AppView. Other networks such as Eurosky/mu run separate verifier sets."
bsky-verification,portability.generic_key,no,https://github.com/bluesky-social/atproto/blob/main/lexicons/app/bsky/graph/verification.json,2025-04,The subject must be an atproto DID.
bsky-verification,portability.extensible_anchors,no,https://github.com/bluesky-social/atproto/blob/main/lexicons/app/bsky/graph/verification.json,2025-04,"No external anchors are defined. New trusted verifiers can be added without a spec change, but those are issuers, not anchors."
bsky-verification,adoption.spec_maturity,0,https://github.com/bluesky-social/atproto/blob/main/lexicons/app/bsky/graph/verification.json,2025-04,"This is a vendor lexicon (app.bsky.*), and the IETF ATP charter excludes app-specific schemas and the moderation system."
bsky-verification,adoption.active_2026,yes,https://github.com/singi-labs/sifa-workspace/issues/258,2026-07-13,"In 2026 Eurosky/mu reuses app.bsky.graph.verification with its own verifiers, and other apps (Sifa) are adding attributed display."
bsky-verification,adoption.client_display,yes,https://bsky.social/about/blog/04-21-2025-verification,2025-04-21,The Bluesky app shows blue checks and scalloped trusted-verifier badges. Tapping a check shows the issuers.
bsky-verification,effort.attachable,no,https://bsky.social/about/blog/04-21-2025-verification,2025-04-21,"Only works for atproto accounts, verified by Bluesky or its trusted verifiers."
bsky-verification,effort.requires_platform_migration,yes,https://bsky.social/about/blog/04-21-2025-verification,2025-04-21,Requires an atproto (Bluesky) account and approval by Bluesky or a trusted verifier.
ucan,proof.key_signs_claim,no,https://raw.githubusercontent.com/ucan-wg/spec/main/README.md,2026-07,UCAN delegations name only DIDs in iss/aud/sub; the spec defines no statement naming an external account or domain.
ucan,proof.anchor_publishes_key,no,https://raw.githubusercontent.com/ucan-wg/spec/main/README.md,2026-07,No anchor concept in UCAN; nothing is published by any external account.
ucan,proof.third_party_signs_binding,no,https://raw.githubusercontent.com/ucan-wg/spec/main/README.md,2026-07,Only principals in the delegation chain sign; no attester role in core UCAN 1.0.
ucan,proof.uses_oauth_oidc,no,https://raw.githubusercontent.com/ucan-wg/spec/main/README.md,2026-07,Pure signed delegations between DIDs; no OAuth/OIDC flow.
ucan,proof.capability_delegation,yes,https://raw.githubusercontent.com/ucan-wg/spec/main/README.md,2026-07,"Every UCAN link is a capability delegation (iss -> aud), never a sameness claim; but it links DID to DID, not key to external account."
ucan,proof.anchor_is_dns,no,https://raw.githubusercontent.com/ucan-wg/spec/main/README.md,2026-07,"Only did:key is required; no DNS/domain anchor defined (an implementation could accept did:web, outside the spec)."
ucan,proof.anchor_is_email,no,https://raw.githubusercontent.com/ucan-wg/spec/main/README.md,2026-07,"Email anchoring only exists in the separate did:mailto / Storacha specs, not UCAN core."
ucan,proof.anchor_is_social,no,https://raw.githubusercontent.com/ucan-wg/spec/main/README.md,2026-07,No social platform anchor defined.
ucan,verify.offline_possible,yes,https://raw.githubusercontent.com/ucan-wg/spec/main/README.md,2026-07,did:key chains verify from presented tokens alone; revocation check is against the resource owner's own local cache.
ucan,verify.fetches_anchor,no,https://raw.githubusercontent.com/ucan-wg/spec/main/README.md,2026-07,No anchor exists to fetch.
ucan,verify.needs_issuer_trust,no,https://raw.githubusercontent.com/ucan-wg/spec/main/README.md,2026-07,"Trust root is the resource subject's own DID, not a third-party issuer."
ucan,verify.needs_registry,no,https://github.com/ucan-wg/revocation,2026,Revocations are checked against a cache the resource-controlling agent itself maintains; no global registry required.
ucan,verify.no_author_service,yes,https://raw.githubusercontent.com/ucan-wg/spec/main/README.md,2026-07,The UCAN WG runs no service; verification is local.
ucan,verify.breaks_if_api_closed,no,https://raw.githubusercontent.com/ucan-wg/spec/main/README.md,2026-07,No anchor platform API involved.
ucan,lifecycle.survives_key_rotation,no,https://raw.githubusercontent.com/ucan-wg/spec/main/README.md,2026-07,"did:key cannot rotate; delegations are bound to the key, and the spec does not address rotation."
ucan,lifecycle.explicit_revocation,yes,https://github.com/ucan-wg/revocation,2026,Revocation sub-spec: any issuer in a chain may revoke its delegation by CID; revocations are irreversible.
ucan,lifecycle.expiry,yes,https://raw.githubusercontent.com/ucan-wg/spec/main/README.md,2026-07,"exp is RECOMMENDED and time-bounding is a design principle, but exp: null (never expires) is allowed."
ucan,lifecycle.key_recovery,no,https://raw.githubusercontent.com/ucan-wg/spec/main/README.md,2026-07,Key recovery is out of scope of the spec; it is left to implementations.
ucan,lifecycle.replay_protected,yes,https://github.com/ucan-wg/spec,2026-07,"Required nonce plus exp/nbf; but no anchor exists, so 'anchor changes owner' does not apply."
ucan,record.transparency_log,no,https://raw.githubusercontent.com/ucan-wg/spec/main/README.md,2026-07,No log; tokens are passed in-band.
ucan,record.self_hosted_possible,yes,https://raw.githubusercontent.com/ucan-wg/spec/main/README.md,2026-07,Tokens are self-contained and held by the parties.
ucan,record.multi_operator,no,https://raw.githubusercontent.com/ucan-wg/spec/main/README.md,2026-07,No replicated identity record exists.
ucan,portability.generic_key,yes,https://raw.githubusercontent.com/ucan-wg/spec/main/README.md,2026-07,Principals are any DID; did:key (incl. ed25519) is the required baseline.
ucan,portability.extensible_anchors,no,https://github.com/storacha/specs/blob/main/w3-account.md,2026-01,UCAN has no anchor concept; adding one (e.g. email) took a new DID method plus an attestation spec outside UCAN.
ucan,adoption.spec_maturity,2,https://github.com/ucan-wg/spec/commits/main,2026-07-08,UCAN Working Group community spec; bumped to v1.0.0 (RC dropped) on 2026-07-08.
ucan,adoption.active_2026,yes,https://github.com/ucan-wg/spec/commits/main,2026-07-08,"Commits in Feb, Mar and Jul 2026."
ucan,adoption.client_display,no,https://raw.githubusercontent.com/ucan-wg/spec/main/README.md,2026-07,No account link exists to display.
ucan,effort.attachable,yes,https://raw.githubusercontent.com/ucan-wg/spec/main/README.md,2026-07,Any did:key / ed25519 key can issue UCANs with no platform.
ucan,effort.requires_platform_migration,no,https://raw.githubusercontent.com/ucan-wg/spec/main/README.md,2026-07,No identity platform to adopt.
storacha-mailto,proof.key_signs_claim,yes,https://github.com/storacha/specs/blob/main/w3-session.md,2026-01,The agent signs an access/authorize invocation naming the did:mailto account it wants capabilities from.
storacha-mailto,proof.anchor_publishes_key,no,https://github.com/storacha/specs/blob/main/w3-account.md,2026-01,The deployed flow is a click on a link sent by email. The spec'd DKIM path (user emails 'I am also known as did:key') was never implemented in w3up.
storacha-mailto,proof.third_party_signs_binding,yes,https://github.com/storacha/specs/blob/main/w3-ucan.md,2026-01,The service authority (did:web:up.storacha.network) issues a ucan/attest for a did:mailto delegation carrying a zero-byte signature.
storacha-mailto,proof.uses_oauth_oidc,no,https://github.com/storacha/specs/blob/main/w3-session.md,2026-01,"Uses a magic-link email confirmation (access/confirm), not OAuth/OIDC."
storacha-mailto,proof.capability_delegation,yes,https://github.com/storacha/specs/blob/main/w3-session.md,2026-01,"The link is a UCAN delegation from the did:mailto account to the agent did:key, plus an attestation."
storacha-mailto,proof.anchor_is_dns,no,https://github.com/storacha/specs/blob/main/w3-account.md,2026-01,Only did:mailto is specified.
storacha-mailto,proof.anchor_is_email,yes,https://github.com/storacha/specs/blob/main/did-mailto.md,2026-01,did:mailto:domain:user encodes an email address as the account principal.
storacha-mailto,proof.anchor_is_social,no,https://github.com/storacha/specs/blob/main/w3-account.md,2026-01,Only email.
storacha-mailto,verify.offline_possible,yes,https://github.com/storacha/specs/blob/main/w3-ucan.md,2026-01,"Given the delegation, the attestation and the authority's public key, the check is a signature plus time-bound check. Resolving did:web for the authority key would need a fetch."
storacha-mailto,verify.fetches_anchor,no,https://github.com/storacha/specs/blob/main/w3-ucan.md,2026-01,The verifier never contacts the email provider; it trusts the attestation instead.
storacha-mailto,verify.needs_issuer_trust,yes,https://github.com/storacha/specs/blob/main/w3-account.md,2026-01,'A delegation signed with an attestation signature MUST be accompanied with a UCAN attestation issued by the trusted authority.'
storacha-mailto,verify.needs_registry,no,https://github.com/storacha/specs/blob/main/w3-ucan.md,2026-01,"No registry lookup is needed to validate the attestation. Stashed delegations are fetched via access/claim, but that is retrieval, not verification."
storacha-mailto,verify.no_author_service,no,https://github.com/NiKrause/orbitdb-storage-bridge/blob/main/docs/STORACHA-SUNSET.md,2026-09-23,"The attester is Storacha's did:web:up.storacha.network, and Storacha itself is the only defined verifier. As of 2026-09-05 the up/upload hosts have no DNS records."
storacha-mailto,verify.breaks_if_api_closed,no,https://github.com/storacha/specs/blob/main/w3-session.md,2026-01,The email provider exposes no API to the flow; plain SMTP delivery is all that is needed.
storacha-mailto,lifecycle.survives_key_rotation,no,https://github.com/storacha/specs/blob/main/w3-session.md,2026-01,"The attestation is bound to one agent did:key; a new key needs a new email confirmation (the account identity survives, the link does not)."
storacha-mailto,lifecycle.explicit_revocation,yes,https://github.com/storacha/specs/blob/main/w3-ucan.md,2026-01,'The attestation MUST be considered revoked if the enclosing UCAN has been revoked' (UCAN revocation).
storacha-mailto,lifecycle.expiry,yes,https://github.com/storacha/specs/blob/main/w3-ucan.md,2026-01,Attestations are valid only within the enclosing UCAN's nbf/exp; the actual exp defaults used in production were not verified.
storacha-mailto,lifecycle.key_recovery,yes,https://github.com/storacha/specs/blob/main/w3-account.md,2026-01,'Recovery is possible even if all devices have been lost as long as the user retains control of their email.'
storacha-mailto,lifecycle.replay_protected,unknown,,,"UCAN nonce/exp apply, but no source found on how the system handles email reassignment or recycled addresses."
storacha-mailto,record.transparency_log,no,https://github.com/storacha/specs/blob/main/w3-session.md,2026-01,"Delegations are stashed in Storacha's service storage, not an append-only public log."
storacha-mailto,record.self_hosted_possible,no,https://github.com/storacha/specs/blob/main/w3-session.md,2026-01,"The deployed flow needs the trusted oracle/authority (Storacha) to send email and sign the attestation. The spec allows other authorities, but none was deployed."
storacha-mailto,record.multi_operator,no,https://github.com/storacha/w3infra,2026-05,A single w3infra deployment run by Storacha.
storacha-mailto,portability.generic_key,yes,https://github.com/storacha/specs/blob/main/w3-session.md,2026-01,The agent is any did:key (ed25519 in practice).
storacha-mailto,portability.extensible_anchors,no,https://github.com/storacha/specs/blob/main/w3-account.md,2026-01,"Only did:mailto is defined. The spec says implementations may extend to other DID methods, but each needs a new method and oracle flow."
storacha-mailto,adoption.spec_maturity,1,https://github.com/storacha/specs/blob/main/did-mailto.md,2026-01,did:mailto is a draft with 'no official standing of any kind'; w3-account is marked WIP and is vendor-authored.
storacha-mailto,adoption.active_2026,yes,https://github.com/storacha/specs/commits/main,2026-01-26,"Spec commits in Jan 2026, and the WRITES_DISABLED change was merged 2026-05-15. 'Active' here includes the shutdown."
storacha-mailto,adoption.client_display,no,https://github.com/NiKrause/orbitdb-storage-bridge/blob/main/docs/STORACHA-SUNSET.md,2026-09-23,"The console showed account email, but the console/upload hosts are gone as of 2026-09-05 and storacha.network redirects to fil.one."
storacha-mailto,effort.attachable,no,https://github.com/storacha/specs/blob/main/w3-session.md,2026-01,The link only exists inside the Storacha authority's UCAN domain; you cannot attach it to your own key system without running your own authority (build tier).
storacha-mailto,effort.requires_platform_migration,yes,https://github.com/storacha/specs/blob/main/w3-account.md,2026-01,"As deployed, the email-to-key link was only obtainable as a Storacha account; the service is now decommissioned."
recap,proof.key_signs_claim,no,https://raw.githubusercontent.com/ethereum/ERCs/master/ERCS/erc-5573.md,2024-03-08,"The Ethereum key signs a SIWE message naming the relying party (domain/URI) and delegated resources, not an account or domain that the signer owns."
recap,proof.anchor_publishes_key,no,https://raw.githubusercontent.com/ethereum/ERCs/master/ERCS/erc-5573.md,2024-03-08,No external anchor publishes anything.
recap,proof.third_party_signs_binding,no,https://raw.githubusercontent.com/ethereum/ERCs/master/ERCS/erc-5573.md,2024-03-08,Only the Ethereum account signs.
recap,proof.uses_oauth_oidc,no,https://raw.githubusercontent.com/ethereum/ERCs/master/ERCS/erc-5573.md,2024-03-08,"Analogous to OIDC+OAuth2 by design, but it uses wallet signatures, not an OAuth flow."
recap,proof.capability_delegation,yes,https://raw.githubusercontent.com/ethereum/ERCs/master/ERCS/erc-5573.md,2024-03-08,'I further authorize the stated URI to perform the following actions on my behalf'; the URI may be a did:key session key.
recap,proof.anchor_is_dns,no,https://raw.githubusercontent.com/ethereum/ERCs/master/ERCS/erc-5573.md,2024-03-08,"The SIWE domain is the requesting relying party, not an anchor the user controls."
recap,proof.anchor_is_email,no,https://raw.githubusercontent.com/ethereum/ERCs/master/ERCS/erc-5573.md,2024-03-08,None.
recap,proof.anchor_is_social,no,https://raw.githubusercontent.com/ethereum/ERCs/master/ERCS/erc-5573.md,2024-03-08,None.
recap,verify.offline_possible,yes,https://eips.ethereum.org/EIPS/eip-4361,2024,EOA signatures verify via ERC-191/ecrecover offline; contract wallets need an ERC-1271 call on the stated chain.
recap,verify.fetches_anchor,no,https://eips.ethereum.org/EIPS/eip-4361,2024,No anchor.
recap,verify.needs_issuer_trust,no,https://raw.githubusercontent.com/ethereum/ERCs/master/ERCS/erc-5573.md,2024-03-08,The account's own signature is the root.
recap,verify.needs_registry,no,https://eips.ethereum.org/EIPS/eip-4361,2024,Not for EOAs; contract-wallet (ERC-1271) verification queries chain state.
recap,verify.no_author_service,yes,https://raw.githubusercontent.com/ethereum/ERCs/master/ERCS/erc-5573.md,2024-03-08,There is a deterministic verification algorithm and no author-run service.
recap,verify.breaks_if_api_closed,no,https://raw.githubusercontent.com/ethereum/ERCs/master/ERCS/erc-5573.md,2024-03-08,No anchor platform.
recap,lifecycle.survives_key_rotation,no,https://eips.ethereum.org/EIPS/eip-4361,2024,"EOA keys cannot rotate. For contract wallets, ERC-1271 checks current state, so old signatures may stop validating."
recap,lifecycle.explicit_revocation,no,https://raw.githubusercontent.com/ethereum/ERCs/master/ERCS/erc-5573.md,2024-03-08,Revocation is not addressed in the spec.
recap,lifecycle.expiry,no,https://eips.ethereum.org/EIPS/eip-4361,2024,"Expiration Time is OPTIONAL in SIWE. Implementations such as Lit default to 24h, but the spec does not require it."
recap,lifecycle.key_recovery,no,https://raw.githubusercontent.com/ethereum/ERCs/master/ERCS/erc-5573.md,2024-03-08,Not defined.
recap,lifecycle.replay_protected,yes,https://eips.ethereum.org/EIPS/eip-4361,2024,"The SIWE nonce, issued-at, and optional expiration/not-before fields."
recap,record.transparency_log,no,https://raw.githubusercontent.com/ethereum/ERCs/master/ERCS/erc-5573.md,2024-03-08,The signed message is held by the relying party.
recap,record.self_hosted_possible,yes,https://raw.githubusercontent.com/ethereum/ERCs/master/ERCS/erc-5573.md,2024-03-08,No operator is needed for EOAs.
recap,record.multi_operator,no,https://raw.githubusercontent.com/ethereum/ERCs/master/ERCS/erc-5573.md,2024-03-08,No replicated record (except chain state for contract wallets).
recap,portability.generic_key,no,https://eips.ethereum.org/EIPS/eip-4361,2024,The issuer must be an Ethereum account (secp256k1 EOA or ERC-1271 contract); only the delegee URI can be a generic DID.
recap,portability.extensible_anchors,no,https://raw.githubusercontent.com/ethereum/ERCs/master/ERCS/erc-5573.md,2024-03-08,"No anchor concept; resource namespaces are extensible, but those are capabilities, not anchors."
recap,adoption.spec_maturity,1,https://eips.ethereum.org/EIPS/eip-5573,2024-03-08,"ERC-5573 is in Draft status; its base, ERC-4361, is Final."
recap,adoption.active_2026,no,https://github.com/ethereum/ERCs/commits/master/ERCS/erc-5573.md,2024-03-08,"Last spec change 2024-03-08; I did not check whether implementations (Reown One-Click Auth, Lit) changed in 2025-26."
recap,adoption.client_display,no,https://docs.walletconnect.network/wallet-sdk/web/one-click-auth,2025,"Wallets (WalletConnect/Reown) render the ReCap statement at signing time, but no client displays a verified key-to-account link."
recap,effort.attachable,no,https://eips.ethereum.org/EIPS/eip-4361,2024,Only attaches if your key system is already an Ethereum account.
recap,effort.requires_platform_migration,yes,https://eips.ethereum.org/EIPS/eip-4361,2024,The root identity must be an Ethereum account.
keybase,proof.key_signs_claim,yes,https://book.keybase.io/docs/server,2026-05,Each identity proof is a sigchain link signed by one of the user's device/PGP keys naming the remote account or domain.
keybase,proof.anchor_publishes_key,yes,https://book.keybase.io/docs/server,2026-05,"User posts the signed proof text (Keybase username + sig id) on the anchor (tweet, gist, Reddit post, HN profile, DNS TXT, file on website); client scrapes it."
keybase,proof.third_party_signs_binding,no,https://book.keybase.io/docs/server/stellar,2020-01,"Keybase server signs the global Merkle root (and posts its hash to Stellar), which commits to sigchains; this is a log commitment, not an attestation of the binding itself."
keybase,proof.uses_oauth_oidc,no,https://book.keybase.io/docs/server,2026-05,"User posts proof text to the anchor; no OAuth to the anchor. Generic 'proof integration' partners (e.g. Mastodon instances) use the partner site's own logged-in session, not OAuth."
keybase,proof.capability_delegation,no,https://book.keybase.io/docs/server,2026-05,Proofs are claims of sameness between Keybase account and remote account; no authority is delegated.
keybase,proof.anchor_is_dns,yes,https://book.keybase.io/account,2026-05,Personal website and DNS TXT proofs are supported (also seen as 'dns' and 'generic_web_site' proof types in the live user lookup API).
keybase,proof.anchor_is_email,no,https://book.keybase.io/account,2026-05,"Public proofs listed are website, Twitter, GitHub, Reddit, Hacker News (+ generic partners); email is used privately for account/search, not as a public proof."
keybase,proof.anchor_is_social,yes,https://book.keybase.io/account,2026-05,"Twitter/X, GitHub, Reddit, Hacker News, plus Mastodon instances and other partners via proof integration."
keybase,verify.offline_possible,no,https://book.keybase.io/docs/server,2026-05,Client must fetch the sigchain/Merkle path from Keybase and scrape the proof from the anchor.
keybase,verify.fetches_anchor,yes,https://book.keybase.io/docs/server,2026-05,Docs: the keybase client scrapes the social site itself rather than trusting the server.
keybase,verify.needs_issuer_trust,no,https://book.keybase.io/docs/server,2026-05,"Binding is signed by the user's key; the Keybase server key only signs Merkle roots, and server misbehaviour is meant to be detectable rather than trusted."
keybase,verify.needs_registry,yes,https://book.keybase.io/docs/server/stellar,2020-01,"Verifier fetches the user's sigchain and Merkle path from the Keybase server, optionally cross-checking the root on Stellar."
keybase,verify.no_author_service,no,https://book.keybase.io/docs/server,2026-05,Sigchains are only served by keybase.io (Zoom); no alternate server or mirror exists.
keybase,verify.breaks_if_api_closed,yes,https://github.com/keybase/client/issues/27225,2024-07-09,"Open issue (2024-07, unresolved) reports new/redone Twitter/X and Reddit proofs can no longer be detected after platform API changes."
keybase,lifecycle.survives_key_rotation,yes,https://book.keybase.io/docs/server,2026-05,"Docs: after a device key is revoked, 'any previous links they've signed are still valid'; proofs belong to the sigchain, not one key. Account reset, however, starts a new sigchain and drops proofs."
keybase,lifecycle.explicit_revocation,yes,https://book.keybase.io/docs/server,2026-05,"Sigchain supports revoke links (for keys and earlier sigs, including proofs), logged in the Merkle tree."
keybase,lifecycle.expiry,no,https://github.com/keybase/client/blob/master/go/libkb/expire_times.go,2026-09-30,"Sig payloads carry expire_in, but the client's HonorSigchainExpireTime() returns 0 (expiry not honored), and it is only applied to keys, not proofs."
keybase,lifecycle.key_recovery,yes,https://book.keybase.io/account,2026-05,Paper keys and other provisioned devices let a user recover after losing a device; losing all of them forces account reset.
keybase,lifecycle.replay_protected,unknown,,,"Sigchain links have ctime and seqno and the Merkle log records them, but no source found on whether a re-posted old proof on a re-assigned handle is rejected."
keybase,record.transparency_log,yes,https://book.keybase.io/docs/server/stellar,2020-01,All sigchains sit in a global Merkle tree; roots posted hourly to Stellar (live: latest memo 2026-10-01 via Horizon API).
keybase,record.self_hosted_possible,no,https://book.keybase.io/docs/server,2026-05,"Sigchains live only on Keybase servers; no federation or self-hosting. Website/DNS proof can be self-hosted, the record cannot."
keybase,record.multi_operator,no,https://book.keybase.io/docs/server,2026-05,"Single operator (Keybase/Zoom); Stellar holds only root hashes, not records."
keybase,portability.generic_key,no,https://book.keybase.io/docs/server,2026-05,"Binds a Keybase account (per-device NaCl keys, optional PGP key). Cannot anchor an arbitrary DID or external ed25519 key as the identity."
keybase,portability.extensible_anchors,yes,https://keybase.io/blog/keybase-proofs-for-mastodon-and-everyone,2019-04-15,"Proof integration lets partner sites add a config + JSON endpoints; the scraping rules (PVL) and proof-service config are server-distributed and committed in the Merkle root (pvl_hash, proof_services_hash), so no client release needed. Keybase must approve each partner."
keybase,adoption.spec_maturity,0,https://book.keybase.io/docs/server,2026-05,"Vendor-only; documented by Keybase, no independent spec."
keybase,adoption.active_2026,yes,https://github.com/keybase/client/releases,2026-06-03,"Releases v6.5.2 (2026-02-04), v6.6.0 (2026-03-06), v6.6.2 (2026-04-08), v6.6.3 (2026-06-03); commits on 2026-09-30. Maintenance-only, no new features."
keybase,adoption.client_display,yes,https://book.keybase.io/docs/server,2026-05,Keybase app/CLI and keybase.io profile show verified proofs. Note: Twitter/Reddit verification broken for new proofs.
keybase,effort.attachable,no,https://book.keybase.io/docs/server,2026-05,"An existing PGP key can be added to a Keybase account, but the link is made from the Keybase sigchain; you cannot add Keybase proofs to your own key system without a Keybase account."
keybase,effort.requires_platform_migration,yes,https://book.keybase.io/docs/server,2026-05,Requires creating a Keybase account and sigchain on keybase.io.
keyoxide,proof.key_signs_claim,yes,https://ariadne.id/core/0/,2022-11-22,OpenPGP profile: claim stored as proof@ariadne.id=<URI> notation in a self-signature; ASP: claims inside a JWS signed by the profile key.
keyoxide,proof.anchor_publishes_key,yes,https://ariadne.id/core/0/,2022-11-22,"Bidirectional: the account/domain must contain the key fingerprint (openpgp4fpr:...) or ASP URI, optionally hashed."
keyoxide,proof.third_party_signs_binding,no,https://ariadne.id/core/0/,2022-11-22,Only the key holder signs; no issuer.
keyoxide,proof.uses_oauth_oidc,no,https://ariadne.id/core/0/,2022-11-22,User adds the claim to the key and posts the fingerprint on the account; no OAuth to the anchor.
keyoxide,proof.capability_delegation,no,https://ariadne.id/core/0/,2022-11-22,"Claim of control/sameness, not delegation."
keyoxide,proof.anchor_is_dns,yes,https://docs.keyoxide.org/service-providers/,2024-12-04,DNS TXT service provider supported.
keyoxide,proof.anchor_is_email,no,https://docs.keyoxide.org/service-providers/,2024-12-04,"No email service provider in the list. keys.openpgp.org separately verifies UID emails, but Keyoxide does not treat that as a claim."
keyoxide,proof.anchor_is_social,yes,https://docs.keyoxide.org/service-providers/,2024-12-04,"GitHub, GitLab, Mastodon/ActivityPub, Bluesky, Reddit, Twitter, Hacker News, Lobste.rs, Matrix, XMPP, Discord, Telegram and more (doipjs ships 31 provider modules)."
keyoxide,verify.offline_possible,no,https://ariadne.id/core/0/,2022-11-22,Verifier fetches the proof from the service provider locations.
keyoxide,verify.fetches_anchor,yes,https://ariadne.id/core/0/,2022-11-22,"Verification: deduce proof location from provider definition, fetch, search for the fingerprint."
keyoxide,verify.needs_issuer_trust,no,https://ariadne.id/core/0/,2022-11-22,No issuer.
keyoxide,verify.needs_registry,no,https://docs.keyoxide.org/guides/openpgp-gnupg/,2024-12,"Key can come from WKD on the user's own domain, an ASPE server, or keys.openpgp.org; a keyserver is optional, so no registry is mandatory."
keyoxide,verify.no_author_service,yes,https://codeberg.org/keyoxide/doipjs,2025-03-04,doip-js library/CLI and keyoxide-web are open source and self-hostable; keys can be fetched via WKD. Note: keyoxide.org's web verifier fetches through its own proxy servers for CORS/DNS.
keyoxide,verify.breaks_if_api_closed,yes,https://codeberg.org/keyoxide/doipjs/src/branch/main/src/serviceProviders/twitter.js,2025-03-04,Each provider scrapes a platform endpoint (e.g. Twitter via publish.twitter.com/oembed); closure breaks that provider.
keyoxide,lifecycle.survives_key_rotation,no,https://ariadne.id/core/0/,2022-11-22,Proofs embed the primary key fingerprint (or ASP fingerprint); a new primary key needs new proofs on every anchor. OpenPGP subkey rotation does not change the fingerprint.
keyoxide,lifecycle.explicit_revocation,yes,https://codeberg.org/keyoxide/doipjs/src/branch/main/src/openpgp.js,2025-03-04,OpenPGP UID/key revocation signatures mark the persona revoked in doipjs; ASP supports signed delete requests (and optional exp).
keyoxide,lifecycle.expiry,no,https://ariadne.id/related/ariadne-signature-profile-0/,2023-09-13,"Expiry is optional: ASP 'exp' claim and OpenPGP key expiry are both opt-in, not by design."
keyoxide,lifecycle.key_recovery,no,https://ariadne.id/core/0/,2022-11-22,No recovery defined; losing the key means a new profile and re-posting proofs.
keyoxide,lifecycle.replay_protected,no,https://ariadne.id/core/0/,2022-11-22,"Proof on the anchor is just the fingerprint (optionally hashed); no timestamp, nonce, or log."
keyoxide,record.transparency_log,no,https://ariadne.id/core/0/,2022-11-22,"No log; profiles live in keyservers, WKD, or ASPE servers."
keyoxide,record.self_hosted_possible,yes,https://docs.keyoxide.org/guides/openpgp-gnupg/,2024-12,Key with notations can be published via WKD on your own domain; ASPE servers are self-hostable (aspe-server-rs).
keyoxide,record.multi_operator,no,https://keys.openpgp.org/about,2025,"keys.openpgp.org is a single non-federated keyserver; WKD and ASPE are single-host. Users can publish in several places manually, but nothing replicates."
keyoxide,portability.generic_key,yes,https://ariadne.id/related/ariadne-signature-profile-0/,2023-09-13,"Besides OpenPGP keys, ASP profiles are raw Ed25519 (EdDSA) or P-256 JWKs. Cannot anchor a DID directly."
keyoxide,portability.extensible_anchors,yes,https://ariadne.id/core/0/,2022-11-22,"Service providers are defined outside the core spec (ARCs), so adding one needs no spec change, but it does need a doipjs code release."
keyoxide,adoption.spec_maturity,1,https://ariadne.id/core/0/,2022-11-22,Single-project spec: core v0 is a draft ('not recommended to base implementations on'); ASP v0 marked active 2023-09 but Keyoxide still calls ASP 'in testing'.
keyoxide,adoption.active_2026,yes,https://codeberg.org/keyoxide/keyoxide-web,2025-09-24,"keyoxide-web commit 2025-09-24, doipjs 2025-03-04. No 2026 commits found in the main repos (no 2026 activity found)."
keyoxide,adoption.client_display,yes,https://codeberg.org/keyoxide/keyoxide-web,2025-09-24,keyoxide.org web and Keyoxide mobile app show verified claims; niche audience.
keyoxide,effort.attachable,yes,https://docs.keyoxide.org/guides/openpgp-gnupg/,2024-12,Add notations to an existing OpenPGP key with gpg --edit-key notation; no new identity system.
keyoxide,effort.requires_platform_migration,no,https://docs.keyoxide.org/guides/openpgp-gnupg/,2024-12,Works with the user's existing OpenPGP key.
indieweb,proof.key_signs_claim,no,https://microformats.org/wiki/rel-me,2023-08-11,No key at all: rel=me is an HTML link between two URLs; nothing is signed.
indieweb,proof.anchor_publishes_key,yes,https://microformats.org/wiki/rel-me,2023-08-11,"Anchor profile (GitHub, Mastodon) must link back to the identifier, which is a URL, not a key."
indieweb,proof.third_party_signs_binding,no,https://microformats.org/wiki/rel-me,2023-08-11,No signatures by anyone.
indieweb,proof.uses_oauth_oidc,no,https://microformats.org/wiki/rel-me,2023-08-11,"Creating rel=me links needs no OAuth. IndieAuth is an identity layer on OAuth 2.0, and IndieLogin.com uses OAuth to GitHub/GitLab/Codeberg after finding the rel=me link, but those are for logging in, not for creating the link."
indieweb,proof.capability_delegation,no,https://indieauth.spec.indieweb.org/,2024-07-11,"rel=me claims sameness. IndieAuth does delegate login to an authorization server named on the user's domain, but that is not the identity link."
indieweb,proof.anchor_is_dns,yes,https://microformats.org/wiki/rel-me,2023-08-11,The user's own domain/home page is the identity; rel=me ties it to other profiles.
indieweb,proof.anchor_is_email,yes,https://indielogin.com/setup,2026-09,IndieLogin.com accepts a rel=me mailto: link and sends a code. One-directional (email cannot link back).
indieweb,proof.anchor_is_social,yes,https://docs.joinmastodon.org/user/profile/,2026,"Mastodon verifies rel=me links; GitHub, GitLab, Codeberg used by IndieLogin."
indieweb,verify.offline_possible,no,https://github.com/mastodon/mastodon/blob/main/app/services/verify_link_service.rb,2026-09-30,Verifier must fetch the linked page and look for rel=me.
indieweb,verify.fetches_anchor,yes,https://github.com/mastodon/mastodon/blob/main/app/services/verify_link_service.rb,2026-09-30,Mastodon's VerifyLinkService fetches the URL and parses rel=me links.
indieweb,verify.needs_issuer_trust,no,https://microformats.org/wiki/rel-me,2023-08-11,No issuer. Viewers of a Mastodon checkmark trust the instance that ran the check.
indieweb,verify.needs_registry,no,https://microformats.org/wiki/rel-me,2023-08-11,Plain HTTP fetches; no registry.
indieweb,verify.no_author_service,yes,https://microformats.org/wiki/rel-me,2023-08-11,Any client can fetch both pages; there is no central service.
indieweb,verify.breaks_if_api_closed,yes,https://github.com/mastodon/mastodon/blob/main/app/services/verify_link_service.rb,2026-09-30,Needs plain-HTML fetch of the profile without JavaScript; platforms that block scraping or render client-side break it.
indieweb,lifecycle.survives_key_rotation,na,https://microformats.org/wiki/rel-me,2023-08-11,Override (was yes): IndieWeb rel=me and IndieAuth use no key. The agent recorded yes and asked for N/A.
indieweb,lifecycle.explicit_revocation,no,https://microformats.org/wiki/rel-me,2023-08-11,Only by removing the link.
indieweb,lifecycle.expiry,no,https://github.com/mastodon/mastodon/blob/main/app/models/account/field.rb,2026-09-30,No expiry; Mastodon stores verified_at and only re-verifies fields that are not yet verified.
indieweb,lifecycle.key_recovery,na,https://microformats.org/wiki/rel-me,2023-08-11,Override (was no): IndieWeb rel=me and IndieAuth use no key. The agent recorded no and asked for N/A.
indieweb,lifecycle.replay_protected,no,https://github.com/mastodon/mastodon/blob/main/app/models/account/field.rb,2026-09-30,"No timestamps or nonces. Mastodon keeps a verified checkmark until the field changes, even if the backlink is later removed."
indieweb,record.transparency_log,no,https://microformats.org/wiki/rel-me,2023-08-11,No log.
indieweb,record.self_hosted_possible,yes,https://microformats.org/wiki/rel-me,2023-08-11,Identity record is the user's own home page.
indieweb,record.multi_operator,no,https://microformats.org/wiki/rel-me,2023-08-11,Single web host per domain.
indieweb,portability.generic_key,no,https://microformats.org/wiki/rel-me,2023-08-11,"Binds URLs, not keys. Can point at a did:web or key profile URL but checks no key control."
indieweb,portability.extensible_anchors,yes,https://microformats.org/wiki/rel-me,2023-08-11,Any page that can emit rel=me works without spec change.
indieweb,adoption.spec_maturity,2,https://www.w3.org/TR/indieauth/,2018-01-23,"IndieAuth: W3C Social Web WG Note (2018), now an IndieWeb Living Standard (2024-07-11). rel=me: microformats/XFN 1.1 community spec. Neither is a W3C Rec or RFC."
indieweb,adoption.active_2026,yes,https://github.com/indieweb/indieauth,2026-09-20,IndieAuth spec repo commits 2026-09-20; Mastodon v4.7.2 (2026-09-15) still verifies rel=me.
indieweb,adoption.client_display,yes,https://docs.joinmastodon.org/user/profile/,2026,Mastodon shows a green verified checkmark on profile links.
indieweb,effort.attachable,no,https://microformats.org/wiki/rel-me,2023-08-11,No key binding: adding rel=me to a key system just links URLs. Only a URL-shaped identifier (did:web domain) gains anything.
indieweb,effort.requires_platform_migration,no,https://microformats.org/wiki/rel-me,2023-08-11,Works with an existing website and accounts.
sigstore,proof.key_signs_claim,yes,https://github.com/sigstore/fulcio/blob/main/docs/how-certificate-issuing-works.md,2024-09-25,"Proof of possession: the client signs the OIDC token's subject claim (e.g. the email) with its key, or submits a CSR; this signed challenge names the anchor identity."
sigstore,proof.anchor_publishes_key,no,https://github.com/sigstore/fulcio/blob/main/docs/how-certificate-issuing-works.md,2024-09-25,"The IdP (GitHub, Google, Microsoft) only issues an OIDC token; nothing naming the key is published on the anchor account."
sigstore,proof.third_party_signs_binding,yes,https://github.com/sigstore/architecture-docs/blob/main/sigstore-public-deployment-spec.md,2025-10-05,"Fulcio (OpenSSF public-good CA, keys in GCP KMS/CAS) signs an X.509 cert binding the key to the OIDC identity."
sigstore,proof.uses_oauth_oidc,yes,https://docs.sigstore.dev/certificate_authority/oidc-in-fulcio/,2026,Certificates are issued only on presentation of an OIDC ID token (via Sigstore's Dex at oauth2.sigstore.dev or a directly configured issuer).
sigstore,proof.capability_delegation,no,https://github.com/sigstore/fulcio/blob/main/docs/certificate-specification.md,2023-05-24,The cert asserts that the key belongs to the SAN identity (email or URI); not a capability.
sigstore,proof.anchor_is_dns,no,https://github.com/sigstore/architecture-docs/blob/main/sigstore-public-deployment-spec.md,2025-10-05,"Public-good Fulcio accepts email-based, workflow-based (GitHub Actions, GitLab CI) and SPIFFE OIDC identities; a bare domain is not an anchor."
sigstore,proof.anchor_is_email,yes,https://docs.sigstore.dev/certificate_authority/oidc-in-fulcio/,2026,"Email-based OIDC: the SAN carries the email from the Google, Microsoft or GitHub login."
sigstore,proof.anchor_is_social,yes,https://docs.sigstore.dev/certificate_authority/oidc-in-fulcio/,2026,"GitHub login is accepted, but the cert carries the account's email, not the GitHub username; GitHub Actions workflow identities carry the repo/workflow URI."
sigstore,verify.offline_possible,yes,https://github.com/sigstore/architecture-docs/blob/main/client-spec.md,2026-05-19,"A Sigstore bundle carries cert chain, SCT, log inclusion proof and signed checkpoint/timestamp; given a trusted root, verification needs no network fetch."
sigstore,verify.fetches_anchor,no,https://github.com/sigstore/architecture-docs/blob/main/client-spec.md,2026-05-19,Verifier never contacts the IdP; it checks the cert identity against an expected value.
sigstore,verify.needs_issuer_trust,yes,https://github.com/sigstore/architecture-docs/blob/main/client-spec.md,2026-05-19,"Verifier must trust the Fulcio root/intermediate, the CT log key and the Rekor/TSA keys from the trusted root."
sigstore,verify.needs_registry,no,https://github.com/sigstore/architecture-docs/blob/main/client-spec.md,2026-05-19,Log inclusion is checked from the proof in the bundle; no live query is required (online lookup is optional).
sigstore,verify.no_author_service,yes,https://github.com/sigstore/architecture-docs/blob/main/client-spec.md,2026-05-19,"With a pinned trusted_root.json and a bundle, no Sigstore-run service is contacted at verify time; default clients refresh the root via Sigstore's TUF CDN."
sigstore,verify.breaks_if_api_closed,no,https://github.com/sigstore/fulcio/blob/main/docs/security-model.md,2022-08-02,Existing certs stay verifiable from logged material; only new issuance needs the IdP.
sigstore,lifecycle.survives_key_rotation,no,https://github.com/sigstore/fulcio/blob/main/docs/security-model.md,2022-08-02,Each cert binds one key for 10 minutes; a new key needs a new cert. Old signatures remain valid because they were logged in the validity window.
sigstore,lifecycle.explicit_revocation,no,https://github.com/sigstore/fulcio/blob/main/docs/security-model.md,2022-08-02,Fulcio avoids leaf revocation by issuing short-lived certs; revocation exists only for infrastructure keys via TUF.
sigstore,lifecycle.expiry,yes,https://github.com/sigstore/fulcio/blob/main/docs/security-model.md,2022-08-02,Leaf certificates are valid for 10 minutes.
sigstore,lifecycle.key_recovery,no,https://github.com/sigstore/fulcio/blob/main/docs/security-model.md,2022-08-02,No recovery of a key identity is defined; the design assumes ephemeral keys and re-authentication via OIDC for every signing event.
sigstore,lifecycle.replay_protected,yes,https://github.com/sigstore/architecture-docs/blob/main/client-spec.md,2026-05-19,"Verifier checks that the log or TSA timestamp falls inside the 10-minute cert window, so a cert cannot be reused later."
sigstore,record.transparency_log,yes,https://github.com/sigstore/fulcio/blob/main/docs/how-certificate-issuing-works.md,2024-09-25,"Certs go to a CT log (SCT embedded); signatures go to Rekor. As of 2026-06 the public-good default remains Rekor v1; Rekor v2 (tile-based, GA 2025-10) runs in parallel as opt-in."
sigstore,record.self_hosted_possible,no,https://docs.sigstore.dev/certificate_authority/overview/,2026,"Users can run a private Fulcio/Rekor, but then verifiers must trust that deployment; links under the public-good trust root require OpenSSF-run services."
sigstore,record.multi_operator,no,https://github.com/sigstore/architecture-docs/blob/main/sigstore-public-deployment-spec.md,2025-10-05,"One public-good deployment on GCP, run by volunteers from several vendors under one OpenSSF Operations SIG; not independent replicas."
sigstore,portability.generic_key,yes,https://github.com/sigstore/fulcio/blob/main/docs/certificate-specification.md,2023-05-24,"Issued certs may carry ECDSA P-256/384/521, RSA 2048-4096 or Ed25519 public keys, so a raw ed25519 key can be bound; DIDs are not understood."
sigstore,portability.extensible_anchors,yes,https://github.com/sigstore/architecture-docs/blob/main/sigstore-public-deployment-spec.md,2025-10-05,"Deployers configure which OIDC issuers to accept; new issuers are added by configuration, not spec change."
sigstore,adoption.spec_maturity,2,https://github.com/sigstore/architecture-docs/blob/main/client-spec.md,2026-05-19,"Community specs in sigstore/architecture-docs under OpenSSF (Fulcio, Rekor v2, client spec); not IETF/W3C."
sigstore,adoption.active_2026,yes,https://blog.sigstore.dev/rekor-evolution/,2026-06-28,2026-06 blog on Rekor default; Fulcio commits through 2026-09-30.
sigstore,adoption.client_display,yes,https://docs.npmjs.com/viewing-package-provenance,2026,npmjs.com shows a provenance check mark with a link to the transparency-log entry.
sigstore,effort.attachable,yes,https://github.com/sigstore/fulcio/blob/main/docs/how-certificate-issuing-works.md,2024-09-25,The client may submit its own existing public key (or CSR) rather than an ephemeral one.
sigstore,effort.requires_platform_migration,no,https://github.com/sigstore/fulcio/blob/main/docs/how-certificate-issuing-works.md,2024-09-25,No new identity system is adopted; the existing OIDC account and an existing key are used.
passport,proof.key_signs_claim,no,https://github.com/passportxyz/passport/blob/main/identity/src/challenge.ts,2025-03-31,"The wallet signs a session/challenge such as 'I commit that this stamp is my unique and only <provider> verification' with a nonce; it names the platform type, not the specific account."
passport,proof.anchor_publishes_key,no,https://github.com/passportxyz/passport/blob/main/identity/src/credentials.ts,2025-05-07,The anchor account publishes nothing; the IAM server checks it via OAuth/API.
passport,proof.third_party_signs_binding,yes,https://github.com/passportxyz/passport/blob/main/identity/src/credentials.ts,2025-05-07,Human Passport's IAM server signs an EIP-712 VC (issuer did:ethr from its key; prod config still lists a did:key issuer) whose subject is did:pkh:eip155:1:<address>.
passport,proof.uses_oauth_oidc,yes,https://passport.human.tech/privacy,2026,Web2 stamps use temporary OAuth login data that is discarded after validation.
passport,proof.capability_delegation,no,https://github.com/passportxyz/passport/blob/main/identity/src/credentials.ts,2025-05-07,The VC asserts provider + hashed nullifiers for an address; not a capability.
passport,proof.anchor_is_dns,no,https://github.com/passportxyz/passport/tree/main/platforms/src,2026-09,"Provider list (GitHub, X, Google, Discord, LinkedIn, ENS, Steam, ZKEmail, ...) has no domain/DNS stamp."
passport,proof.anchor_is_email,no,https://github.com/passportxyz/passport/blob/main/platforms/src/ZKEmail/Providers-config.ts,2025-12-01,"No stamp binds a named email address; the ZK Email stamp proves receipt of Uber/Amazon emails, and the Google stamp proves a Google account but stores only a hash."
passport,proof.anchor_is_social,yes,https://github.com/passportxyz/passport/tree/main/platforms/src,2026-09,"GitHub, X, Discord, LinkedIn, Google, Steam providers exist."
passport,verify.offline_possible,yes,https://github.com/passportxyz/passport/blob/main/identity/src/credentials.ts,2025-05-07,A stamp is a self-contained EIP-712 signed VC verifiable against the issuer DID; in practice integrators call the Passport API or read onchain attestations.
passport,verify.fetches_anchor,no,https://github.com/passportxyz/passport/blob/main/identity/src/credentials.ts,2025-05-07,Only the issuer contacts the platform at issuance; verifiers check the issuer signature.
passport,verify.needs_issuer_trust,yes,https://github.com/passportxyz/passport/blob/main/identity/src/issuers.ts,2025-07-07,Verifier must trust Human Passport's issuer keys (rotating key versions).
passport,verify.needs_registry,no,https://docs.passport.human.tech/overview/key-terms,2026-04-07,"Not required for a presented VC; onchain stamps (EAS) require reading a chain, and stamps are normally fetched from Passport's store."
passport,verify.no_author_service,yes,https://github.com/passportxyz/passport/blob/main/identity/src/credentials.ts,2025-05-07,Possible if the holder presents the VC and the verifier pins the issuer key; the default integration uses Human Passport's Stamps/Scorer API.
passport,verify.breaks_if_api_closed,yes,https://docs.passport.human.tech/building-with-passport/stamps/major-concepts/expirations,2026,"Existing stamps stay valid until 90-day expiry, but they cannot be renewed if the platform API closes, so links lapse within 90 days."
passport,lifecycle.survives_key_rotation,no,https://docs.passport.human.tech/building-with-passport/stamps/major-concepts/deduplicating-stamps,2026,Stamps are bound to one Ethereum address; moving to another address means waiting for expiry and reverifying.
passport,lifecycle.explicit_revocation,yes,https://github.com/passportxyz/passport/blob/main/iam/src/utils/revocations.ts,2025-05-07,"Operator-side only: IAM filters credentials against a revocation list held by the Scorer, and the scorer also keeps bans. The VC has no credentialStatus, and users cannot revoke."
passport,lifecycle.expiry,yes,https://docs.passport.human.tech/building-with-passport/stamps/major-concepts/expirations,2026,Offchain and onchain stamps expire 90 days after issuance.
passport,lifecycle.key_recovery,no,https://docs.passport.human.tech/building-with-passport/stamps/major-concepts/deduplicating-stamps,2026,No recovery for the address; the only path is to reverify stamps on a new wallet after the old ones expire.
passport,lifecycle.replay_protected,yes,https://docs.passport.human.tech/building-with-passport/stamps/major-concepts/expirations,2026,90-day expiry plus nonce-bearing challenges; a stale stamp cannot outlive account transfer by more than 90 days.
passport,record.transparency_log,no,https://docs.passport.human.tech/overview/key-terms,2026-04-07,Default stamps live in Passport's store; optional onchain EAS attestations are on public chains but are not the default record.
passport,record.self_hosted_possible,no,https://github.com/passportxyz/passport/blob/main/identity/src/credentials.ts,2025-05-07,Stamps must be issued and signed by Human Passport's IAM.
passport,record.multi_operator,no,https://github.com/passportxyz/passport/blob/main/app/.env-prod,2026-06-08,Stamps are served from Passport's scorer API ('ceramic-cache'); the docs still say Ceramic. Optional onchain copies exist on several EVM chains.
passport,portability.generic_key,no,https://github.com/passportxyz/passport/blob/main/identity/src/credentials.ts,2025-05-07,Subject is always did:pkh:eip155:1:<Ethereum address>.
passport,portability.extensible_anchors,yes,https://github.com/passportxyz/passport/tree/main/platforms/src,2026-09,"New providers are added as platform modules in the operator's code, without any spec; only the operator can add them."
passport,adoption.spec_maturity,0,https://github.com/passportxyz/passport,2026-09-27,Vendor-only product; no external spec.
passport,adoption.active_2026,yes,https://github.com/passportxyz/passport,2026-09-27,Commits through 2026-09-27.
passport,adoption.client_display,yes,https://docs.passport.human.tech/overview/key-terms,2026-04-07,The Passport app and integrator dashboards display verified stamps and scores for an address (but not the account name).
passport,effort.attachable,yes,https://github.com/passportxyz/passport/blob/main/identity/src/credentials.ts,2025-05-07,Only if the existing key is an Ethereum address; any EOA can collect stamps.
passport,effort.requires_platform_migration,no,https://github.com/passportxyz/passport/blob/main/identity/src/credentials.ts,2025-05-07,"Works with an existing Ethereum wallet; no new identifier is minted, though Passport's app and issuer are required."
dif-wellknown,proof.key_signs_claim,yes,https://identity.foundation/well-known-did-configuration/resources/did-configuration/,2025-10-31,"A Domain Linkage Credential is a self-issued VC (issuer = subject = DID) with credentialSubject.origin, signed by a DID key (JSON-LD proof or JWT)."
dif-wellknown,proof.anchor_publishes_key,yes,https://identity.foundation/well-known-did-configuration/resources/did-configuration/,2025-10-31,The origin serves /.well-known/did-configuration.json listing the linked DIDs' credentials.
dif-wellknown,proof.third_party_signs_binding,no,https://identity.foundation/well-known-did-configuration/resources/did-configuration/,2025-10-31,Self-issued; only the DID controller signs.
dif-wellknown,proof.uses_oauth_oidc,no,https://identity.foundation/well-known-did-configuration/resources/did-configuration/,2025-10-31,Control of the origin is shown by hosting the file over HTTPS.
dif-wellknown,proof.capability_delegation,no,https://identity.foundation/well-known-did-configuration/resources/did-configuration/,2025-10-31,Verifier SHOULD consider the origin controller and DID controller the same entity: a sameness claim.
dif-wellknown,proof.anchor_is_dns,yes,https://identity.foundation/well-known-did-configuration/resources/did-configuration/,2025-10-31,Anchor is a web origin (HTTPS domain).
dif-wellknown,proof.anchor_is_email,no,https://identity.foundation/well-known-did-configuration/resources/did-configuration/,2025-10-31,Only domain origins.
dif-wellknown,proof.anchor_is_social,no,https://identity.foundation/well-known-did-configuration/resources/did-configuration/,2025-10-31,"Only domain origins; a hosted subdomain on a platform could serve the file, but the spec requires the origin root."
dif-wellknown,verify.offline_possible,no,https://identity.foundation/well-known-did-configuration/resources/did-configuration/,2025-10-31,Verifier must fetch the well-known resource from the origin and resolve the DID.
dif-wellknown,verify.fetches_anchor,yes,https://identity.foundation/well-known-did-configuration/resources/did-configuration/,2025-10-31,Fetch https://<origin>/.well-known/did-configuration.json.
dif-wellknown,verify.needs_issuer_trust,no,https://identity.foundation/well-known-did-configuration/resources/did-configuration/,2025-10-31,Signature is checked against the DID's own assertionMethod keys; the only implicit trust is WebPKI/TLS.
dif-wellknown,verify.needs_registry,no,https://identity.foundation/well-known-did-configuration/resources/did-configuration/,2025-10-31,Not by the spec; DID resolution may hit a registry depending on DID method (none for did:key/did:web).
dif-wellknown,verify.no_author_service,yes,https://identity.foundation/well-known-did-configuration/resources/did-configuration/,2025-10-31,No DIF-run service is involved.
dif-wellknown,verify.breaks_if_api_closed,no,https://identity.foundation/well-known-did-configuration/resources/did-configuration/,2025-10-31,Anchor is a domain the user controls; no platform API.
dif-wellknown,lifecycle.survives_key_rotation,no,https://identity.foundation/well-known-did-configuration/resources/did-configuration/,2025-10-31,Credentials are validated against current assertionMethod keys in the resolved DID document; after rotation they must be re-signed.
dif-wellknown,lifecycle.explicit_revocation,no,https://identity.foundation/well-known-did-configuration/resources/did-configuration/,2025-10-31,Spec defines no revocation; removal from the file or expiry are the only mechanisms.
dif-wellknown,lifecycle.expiry,yes,https://identity.foundation/well-known-did-configuration/resources/did-configuration/,2025-10-31,issuanceDate and expirationDate MUST be present.
dif-wellknown,lifecycle.key_recovery,no,https://identity.foundation/well-known-did-configuration/resources/did-configuration/,2025-10-31,Delegated entirely to the DID method; not defined by this spec.
dif-wellknown,lifecycle.replay_protected,yes,https://identity.foundation/well-known-did-configuration/resources/did-configuration/,2025-10-31,Mandatory expirationDate and origin matching bound replay; there is no nonce or log.
dif-wellknown,record.transparency_log,no,https://identity.foundation/well-known-did-configuration/resources/did-configuration/,2025-10-31,No log.
dif-wellknown,record.self_hosted_possible,yes,https://identity.foundation/well-known-did-configuration/resources/did-configuration/,2025-10-31,The file is hosted on the user's own origin; the DID record's hosting depends on the method.
dif-wellknown,record.multi_operator,no,https://identity.foundation/well-known-did-configuration/resources/did-configuration/,2025-10-31,Single web host per origin.
dif-wellknown,portability.generic_key,yes,https://identity.foundation/well-known-did-configuration/resources/did-configuration/,2025-10-31,"Any DID method; spec examples use did:key. The DID-to-origin direction (LinkedDomains service) needs a method whose DID document supports services, so did:key cannot do it."
dif-wellknown,portability.extensible_anchors,no,https://identity.foundation/well-known-did-configuration/resources/did-configuration/,2025-10-31,Web origins only.
dif-wellknown,adoption.spec_maturity,2,https://identity.foundation/well-known-did-configuration/resources/did-configuration/,2025-10-31,v1.0.0 is a 'DIF Ratified Deliverable' of the Identifiers & Discovery WG; editor's draft continues.
dif-wellknown,adoption.active_2026,yes,https://github.com/decentralized-identity/well-known-did-configuration,2025-10-31,"Last spec changes 2025-10-31 (VC 1.1 link fixes, reference implementations); no 2026 commits found."
dif-wellknown,adoption.client_display,yes,https://learn.microsoft.com/en-us/entra/verified-id/how-to-dnsbind,2026-03-25,"Microsoft Authenticator shows a Verified domain page, or a full-page unverified-domain warning, based on the DID's LinkedDomains and did-configuration.json."
dif-wellknown,effort.attachable,yes,https://identity.foundation/well-known-did-configuration/resources/did-configuration/,2025-10-31,Any existing DID can sign a DLC and the user hosts it on their domain.
dif-wellknown,effort.requires_platform_migration,no,https://identity.foundation/well-known-did-configuration/resources/did-configuration/,2025-10-31,No new identity system.
did-web,proof.key_signs_claim,no,https://w3c-ccg.github.io/did-method-web/,2026-05-08,The DID document is not signed; the spec defines no proof (hashlinks MAY aid integrity).
did-web,proof.anchor_publishes_key,yes,https://w3c-ccg.github.io/did-method-web/,2026-05-08,"The domain serves did.json at /.well-known/did.json or a path, listing verification keys."
did-web,proof.third_party_signs_binding,no,https://w3c-ccg.github.io/did-method-web/,2026-05-08,"No issuer; only the TLS certificate (WebPKI CA) authenticates the host, not the DID key."
did-web,proof.uses_oauth_oidc,no,https://w3c-ccg.github.io/did-method-web/,2026-05-08,Publishing a file over HTTPS.
did-web,proof.capability_delegation,no,https://w3c-ccg.github.io/did-method-web/,2026-05-08,The domain is the identifier and lists its keys; not a delegation.
did-web,proof.anchor_is_dns,yes,https://w3c-ccg.github.io/did-method-web/,2026-05-08,The method-specific id is the domain and MUST match the TLS certificate common name.
did-web,proof.anchor_is_email,no,https://w3c-ccg.github.io/did-method-web/,2026-05-08,Domain only.
did-web,proof.anchor_is_social,no,https://w3c-ccg.github.io/did-method-web/,2026-05-08,Domain only; path-based DIDs on a shared host (did:web:example.com:u:bob) make the host operator the controller.
did-web,verify.offline_possible,no,https://w3c-ccg.github.io/did-method-web/,2026-05-08,Resolution requires an HTTPS fetch.
did-web,verify.fetches_anchor,yes,https://w3c-ccg.github.io/did-method-web/,2026-05-08,Resolve by fetching https://<domain>/.well-known/did.json.
did-web,verify.needs_issuer_trust,no,https://w3c-ccg.github.io/did-method-web/,2026-05-08,No credential issuer; implicit trust in DNS and the WebPKI CA.
did-web,verify.needs_registry,no,https://w3c-ccg.github.io/did-method-web/,2026-05-08,No method registry; DNS resolution is required (and DNSSEC recommended).
did-web,verify.no_author_service,yes,https://w3c-ccg.github.io/did-method-web/,2026-05-08,No W3C CCG service is involved.
did-web,verify.breaks_if_api_closed,no,https://w3c-ccg.github.io/did-method-web/,2026-05-08,Depends only on the user's web host.
did-web,lifecycle.survives_key_rotation,yes,https://w3c-ccg.github.io/did-method-web/,2026-05-08,Update did.json; the DID stays the same.
did-web,lifecycle.explicit_revocation,no,https://w3c-ccg.github.io/did-method-web/,2026-05-08,Deactivate = remove did.json or make it unavailable.
did-web,lifecycle.expiry,no,https://w3c-ccg.github.io/did-method-web/,2026-05-08,No expiry defined.
did-web,lifecycle.key_recovery,yes,https://w3c-ccg.github.io/did-method-web/,2026-05-08,Implicit: whoever controls the domain's web content can replace the keys; no other mechanism.
did-web,lifecycle.replay_protected,no,https://w3c-ccg.github.io/did-method-web/,2026-05-08,No history or versioning is mandated; a new domain owner silently becomes the DID controller.
did-web,record.transparency_log,no,https://w3c-ccg.github.io/did-method-web/,2026-05-08,No log; git history suggested only as optional practice.
did-web,record.self_hosted_possible,yes,https://w3c-ccg.github.io/did-method-web/,2026-05-08,"User hosts did.json, though DNS registrar and a TLS CA are still required."
did-web,record.multi_operator,no,https://w3c-ccg.github.io/did-method-web/,2026-05-08,Single web host.
did-web,portability.generic_key,yes,https://w3c-ccg.github.io/did-method-web/,2026-05-08,The DID document can list any verification method type (examples include Ed25519 and secp256k1).
did-web,portability.extensible_anchors,no,https://w3c-ccg.github.io/did-method-web/,2026-05-08,Domains only.
did-web,adoption.spec_maturity,1,https://w3c-ccg.github.io/did-method-web/,2026-05-08,W3C CCG document with respec specStatus 'unofficial' (editor's draft); listed as a candidate in a proposed DID Methods WG charter that is not yet chartered.
did-web,adoption.active_2026,yes,https://github.com/w3c-ccg/did-method-web,2026-05-08,"Only change in 2025-2026 is a 2026-05-08 editor-affiliation edit; method widely deployed (Entra Verified ID, atproto)."
did-web,adoption.client_display,yes,https://learn.microsoft.com/en-us/entra/verified-id/how-to-dnsbind,2026-03-25,Microsoft Authenticator resolves did:web issuers and shows the verified domain (via the DIF linkage file).
did-web,effort.attachable,no,https://w3c-ccg.github.io/did-method-web/,2026-05-08,"An existing key can be listed in did.json, but the identifier becomes did:web:<domain>; an existing DID or npub is not linked unless separately referenced."
did-web,effort.requires_platform_migration,yes,https://w3c-ccg.github.io/did-method-web/,2026-05-08,"The identity is the domain-based DID, not the existing key identifier; no vendor platform, but a new identifier."
farcaster,proof.key_signs_claim,yes,https://github.com/farcasterxyz/protocol/discussions/199,2024-10-16,"The X/GitHub link is a UserDataAdd (TWITTER=8, GITHUB=9) message signed by an ed25519 app key registered to the user's fid. That key is held by the Farcaster app, not by the user. For ETH/SOL verifications, the fid's signer signs a VerificationAddAddress naming the address."
farcaster,proof.anchor_publishes_key,no,https://github.com/farcasterxyz/protocol/discussions/199,2024-10-16,"X and GitHub publish nothing naming the fid. The only bidirectional case is ETH/Solana address verification, where the address signs an EIP-712 claim naming the fid. Those addresses are not social or DNS anchors."
farcaster,proof.third_party_signs_binding,yes,https://github.com/farcasterxyz/protocol/discussions/199,2024-10-16,"FIP-19: the attesting app (Warpcast, now the Farcaster app run by Neynar) signs the X/GitHub binding after OAuth. Verifiers must choose which attesting fids to trust."
farcaster,proof.uses_oauth_oidc,yes,https://github.com/farcasterxyz/protocol/discussions/199,2024-10-16,Every user completes an OAuth login to X inside Warpcast before the app publishes the username.
farcaster,proof.capability_delegation,no,https://github.com/farcasterxyz/protocol/discussions/199,2024-10-16,The anchor link is a sameness attestation. Capability delegation exists only inside Farcaster: custody address authorizes app signer keys in KeyRegistry.
farcaster,proof.anchor_is_dns,no,https://github.com/farcasterxyz/snapchain/blob/main/proto/definitions/message.proto,2026-08,"There is no DNS-domain verification type. Username proofs cover only fnames and ENS (.eth) names, and the URL user-data field is unverified."
farcaster,proof.anchor_is_email,no,https://github.com/farcasterxyz/snapchain/blob/main/proto/definitions/message.proto,2026-08,No email user-data or verification type exists in the protocol messages.
farcaster,proof.anchor_is_social,yes,https://github.com/farcasterxyz/snapchain/blob/main/proto/definitions/message.proto,2026-08,"USER_DATA_TYPE_TWITTER=8 and USER_DATA_TYPE_GITHUB=9 are in the current Snapchain proto. In 2024 Warpcast said GitHub had no timeline, and I found no source confirming GitHub is deployed in the app."
farcaster,verify.offline_possible,no,https://docs.farcaster.xyz/learn/architecture/contracts,2026-10,"A verifier must confirm the signer key is ADDED for the fid in KeyRegistry on OP Mainnet, and that the message is current in Snapchain. Docs page is undated (date = accessed)."
farcaster,verify.fetches_anchor,no,https://github.com/farcasterxyz/protocol/discussions/199,2024-10-16,"The verifier reads the attestation from Snapchain and never contacts X or GitHub. Only the attesting app talks to X, through OAuth."
farcaster,verify.needs_issuer_trust,yes,https://github.com/farcasterxyz/protocol/discussions/199,2024-10-16,"FIP-19: attestations are not verified. The attesting fid only claims it verified the account, and Warpcast planned to show only its own attestations."
farcaster,verify.needs_registry,yes,https://docs.farcaster.xyz/learn/architecture/overview,2026-10,"IdRegistry and KeyRegistry live on OP Mainnet, and messages live in Snapchain. Docs page is undated (date = accessed)."
farcaster,verify.no_author_service,no,https://www.coindesk.com/business/2026/01/21/farcaster-founders-step-back-as-neynar-acquires-struggling-crypto-social-app,2026-01-21,"Anyone can run a Snapchain node, but the binding only means something if you trust the official app's attestation. Neynar now owns that app and the protocol repos."
farcaster,verify.breaks_if_api_closed,no,https://github.com/farcasterxyz/protocol/discussions/199,2024-10-16,"Existing attestations remain verifiable without X. New links would stop, because they need X OAuth."
farcaster,lifecycle.survives_key_rotation,yes,https://github.com/farcasterxyz/protocol/blob/main/docs/SPECIFICATION.md,2023-11-15,"Links bind to the fid, not the custody address, so custody transfer or recovery keeps them. Caveat: removing the app signer that signed the UserData message revokes all of that signer's messages."
farcaster,lifecycle.explicit_revocation,yes,https://github.com/farcasterxyz/snapchain/blob/main/proto/definitions/message.proto,2026-08,"VerificationRemove messages exist for addresses, UserData can be overwritten, and signer removal in KeyRegistry revokes that signer's messages. FIP-19 said X disconnect was not yet implemented in 2024."
farcaster,lifecycle.expiry,no,https://github.com/farcasterxyz/protocol/blob/main/docs/SPECIFICATION.md,2023-11-15,Verifications and UserData do not expire. Only fname/ENS username proofs are revalidated daily.
farcaster,lifecycle.key_recovery,yes,https://docs.farcaster.xyz/learn/architecture/contracts,2026-10,A recovery address set in IdRegistry can transfer the fid at any time. Docs page is undated (date = accessed).
farcaster,lifecycle.replay_protected,no,https://github.com/farcasterxyz/protocol/discussions/199,2024-10-16,"The X attestation is a one-time OAuth result with no expiry or re-check, so if the X handle changes owner the stale attestation stays. ETH verification claims include a blockhash and fid, but that protects only the address claims."
farcaster,record.transparency_log,yes,https://docs.farcaster.xyz/learn/architecture/contracts,2026-10,"The identity record (fid, custody, recovery, signer keys) is OP Mainnet chain state, which is append-only. Snapchain messages are consensus-ordered but subject to storage-limit pruning."
farcaster,record.self_hosted_possible,no,https://docs.farcaster.xyz/learn/architecture/overview,2026-10,The record requires OP Mainnet contracts and the Snapchain validator network. A user can run a read node but cannot be the authority.
farcaster,record.multi_operator,yes,https://github.com/farcasterxyz/protocol/discussions/207,2025,"Snapchain has multiple validators (a secondary source reports 11, community-voted) plus OP Mainnet nodes. Since 2026 Neynar operates protocol infrastructure, and Snapchain v0.14.2 reads validator config from an on-chain SnapchainConfigRegistry."
farcaster,portability.generic_key,no,https://github.com/farcasterxyz/snapchain/blob/main/proto/definitions/message.proto,2026-08,"Only fids can be linked. Verifications support only PROTOCOL_ETHEREUM and PROTOCOL_SOLANA addresses, not DIDs or arbitrary ed25519 keys."
farcaster,portability.extensible_anchors,no,https://github.com/farcasterxyz/protocol/discussions/199,2024-10-16,"FIP-19 adds a new UserDataType enum value per platform, so a new platform needs a FIP and a protocol/proto change."
farcaster,adoption.spec_maturity,1,https://github.com/farcasterxyz/protocol/discussions/199,2024-10-16,"FIPs are proposals in a repo controlled by the protocol owner (Merkle, now Neynar). FIP-19 is marked Finalized there. It has no independent standards body."
farcaster,adoption.active_2026,yes,https://github.com/farcasterxyz/snapchain/releases,2026-08-13,"Snapchain v0.14.2 was released 2026-08-13. Snapchain replaced Hubs in 2025, and Neynar acquired Farcaster in January 2026."
farcaster,adoption.client_display,yes,https://github.com/farcasterxyz/protocol/discussions/199,2024-10-16,"Warpcast verified X accounts and planned to show its own attestations on profiles. The app is now named Farcaster. I found no current official screenshot or doc, so the evidence is weaker than ideal."
farcaster,effort.attachable,no,https://docs.farcaster.xyz/learn/architecture/contracts,2026-10,"The link exists only for a Farcaster fid registered in IdRegistry. An existing Ethereum address can become custody, but a Farcaster account is required."
farcaster,effort.requires_platform_migration,yes,https://github.com/farcasterxyz/protocol/discussions/199,2024-10-16,"The user needs a fid, and the X attestation must be issued by a Farcaster client app (in practice the official app)."
pkarr,proof.key_signs_claim,no,https://github.com/pubky/pkarr/blob/main/design/base.md,2026-09,"The key signs a DNS packet (A/AAAA/TXT/HTTPS records) about itself. No record type names an external account as an identity claim. An HTTPS record target may point to an ICANN domain, but only as an endpoint."
pkarr,proof.anchor_publishes_key,no,https://github.com/pubky/pkarr/blob/main/design/base.md,2026-09,No external anchor is involved. The public key itself is the TLD.
pkarr,proof.third_party_signs_binding,no,https://github.com/pubky/pkarr/blob/main/design/base.md,2026-09,"Packets are self-signed by the ed25519 key, and relays only verify and forward them."
pkarr,proof.uses_oauth_oidc,no,https://github.com/pubky/pkarr/blob/main/design/relays.md,2026-09,Publishing is an unauthenticated DHT put or relay PUT of a self-signed packet.
pkarr,proof.capability_delegation,no,https://github.com/pubky/pkarr/blob/main/design/base.md,2026-09,No delegation semantics. The packet holds DNS resource records.
pkarr,proof.anchor_is_dns,no,https://github.com/pubky/pkarr/blob/main/design/endpoints.md,2026-09,The inverse holds: the key becomes a DNS-like TLD. No ICANN domain is anchored to the key or verified. ICANN domains appear only as HTTPS endpoint targets.
pkarr,proof.anchor_is_email,no,https://github.com/pubky/pkarr/blob/main/design/base.md,2026-09,Not supported.
pkarr,proof.anchor_is_social,no,https://github.com/pubky/pkarr/blob/main/design/base.md,2026-09,Not supported.
pkarr,verify.offline_possible,yes,https://github.com/pubky/pkarr/blob/main/design/base.md,2026-09,"A presented SignedPacket (pubkey, sig, timestamp, DNS packet) can be checked offline. Knowing it is the latest version needs a DHT lookup. No external link exists to check."
pkarr,verify.fetches_anchor,no,https://github.com/pubky/pkarr/blob/main/design/base.md,2026-09,There is no anchor to fetch.
pkarr,verify.needs_issuer_trust,no,https://github.com/pubky/pkarr/blob/main/design/base.md,2026-09,The signature is verified directly against the public key.
pkarr,verify.needs_registry,no,https://github.com/pubky/pkarr/blob/main/design/base.md,2026-09,Not required to check a presented packet. Discovering the record or its freshness means a Mainline DHT (or relay) lookup.
pkarr,verify.no_author_service,yes,https://github.com/pubky/pkarr/blob/main/design/base.md,2026-09,Resolution goes directly over the Mainline DHT (BEP44). Synonym-run relays are optional and needed only in UDP-less environments such as browsers.
pkarr,verify.breaks_if_api_closed,no,https://github.com/pubky/pkarr/blob/main/design/base.md,2026-09,No anchor platform API is involved.
pkarr,lifecycle.survives_key_rotation,no,https://github.com/pubky/pkarr/blob/main/design/base.md,2026-09,"The public key is the name, and the spec defines no rotation or succession. A new key is a new identity."
pkarr,lifecycle.explicit_revocation,no,https://github.com/pubky/pkarr/blob/main/design/base.md,2026-09,The only option is to publish a newer packet (higher timestamp) that overwrites records. There is no revocation or tombstone mechanism.
pkarr,lifecycle.expiry,yes,https://github.com/pubky/pkarr,2026-09-23,"README: records are ephemeral, the DHT drops them after hours, so republish periodically. Records also carry DNS TTLs."
pkarr,lifecycle.key_recovery,no,https://github.com/pubky/pkarr/blob/main/design/base.md,2026-09,No recovery is defined. Losing the ed25519 secret key means losing the name.
pkarr,lifecycle.replay_protected,yes,https://github.com/pubky/pkarr/blob/main/design/base.md,2026-09,"The signed microsecond timestamp acts as the BEP44 seq, and older packets are rejected (relay 409). Caveat: anyone can republish an old signed packet if the DHT has forgotten the newer one."
pkarr,record.transparency_log,no,https://github.com/pubky/pkarr/blob/main/design/base.md,2026-09,"The DHT keeps only the latest mutable item, with no history."
pkarr,record.self_hosted_possible,yes,https://github.com/pubky/pkarr/blob/main/design/base.md,2026-09,The user's own client can put directly to Mainline DHT with no operator account.
pkarr,record.multi_operator,yes,https://github.com/pubky/pkdns,2026-03-23,"Mainline DHT has about 10M nodes, and records are stored on several nodes near sha1(pubkey)."
pkarr,portability.generic_key,no,https://github.com/pubky/pkarr/blob/main/design/base.md,2026-09,"Only ed25519 keys work, and the key is its own identifier. It does not anchor other keys or DIDs, though did:dht (DIF) layers a DID document on top as TXT records."
pkarr,portability.extensible_anchors,no,https://github.com/pubky/pkarr/blob/main/design/base.md,2026-09,"There is no anchor concept. Arbitrary TXT records could carry claims, but nothing defines or verifies them."
pkarr,adoption.spec_maturity,0,https://github.com/pubky/pkarr/tree/main/design,2026-09,"Design docs live in the vendor (Synonym/Pubky) repo. The derived did:dht method is a DIF-hosted spec (https://did-dht.com/), which would rate 2."
pkarr,adoption.active_2026,yes,https://github.com/pubky/pkarr/releases,2026-09-23,v8.0.2 was released 2026-09-23.
pkarr,adoption.client_display,no,https://github.com/pubky/pkarr/blob/main/design/base.md,2026-09,There is no external-account link to display.
pkarr,effort.attachable,yes,https://github.com/pubky/pkarr/blob/main/design/base.md,2026-09,"Any ed25519 keypair you already hold can sign and publish a packet, with no registration."
pkarr,effort.requires_platform_migration,no,https://github.com/pubky/pkarr/blob/main/design/base.md,2026-09,"No account or platform is needed, only an ed25519 key and DHT access."
