id,criterion,question
proof.key_signs_claim,C1,"Does the identity key sign a statement that names the anchor account or domain?"
proof.anchor_publishes_key,C1,"Does the anchor account or domain publish content that names the key or identifier?"
proof.third_party_signs_binding,C1,"Does a party other than the key holder and the anchor platform sign the binding?"
proof.uses_oauth_oidc,C1,"Does creating the link require an OAuth or OIDC login to the anchor?"
proof.capability_delegation,C1,"Is the link expressed as a delegation of authority (a capability), not a claim of sameness?"
proof.anchor_is_dns,C3,"Is a DNS name or web domain a supported anchor?"
proof.anchor_is_email,C3,"Is an email address a supported anchor?"
proof.anchor_is_social,C3,"Is a centralized social or developer platform (GitHub, X, Mastodon, Reddit) a supported anchor?"
verify.offline_possible,C2,"Can a verifier check the link from presented data alone, with no network fetch?"
verify.fetches_anchor,C2,"Must the verifier fetch from the anchor platform or domain?"
verify.needs_issuer_trust,C2,"Must the verifier trust the key of a third-party issuer?"
verify.needs_registry,C2,"Must the verifier query a registry, directory, log, or chain?"
verify.no_author_service,C2,"Can a verifier check the link without any service run by the authors of the offering?"
verify.breaks_if_api_closed,C2,"Does verification stop working if the anchor platform closes its public API or blocks scraping?"
lifecycle.survives_key_rotation,C4,"Do existing links stay valid after the identity key rotates?"
lifecycle.explicit_revocation,C4,"Is there a defined mechanism to revoke a link, other than deleting the published proof?"
lifecycle.expiry,C5,"Do links or proofs expire by design?"
lifecycle.key_recovery,C4,"Is recovery after loss of the identity key defined?"
lifecycle.replay_protected,C5,"Do timestamps, nonces, expiry, or a log stop an old proof from being replayed after the anchor changes owner?"
record.transparency_log,C5,"Is the link or the identity record kept in an append-only transparency log?"
record.self_hosted_possible,C10,"Can the user host the identity record or proof without any third-party operator?"
record.multi_operator,C10,"Is the identity record replicated across several independent operators?"
portability.generic_key,C7,"Can the mechanism anchor a generic DID or a raw ed25519 key, not only its own key type?"
portability.extensible_anchors,C3,"Can new anchor platforms be added without a spec change?"
adoption.spec_maturity,C8,"Ordinal: 0 vendor-only or none, 1 draft or proposal, 2 community spec (NIP, WG, DIF), 3 formal standard (W3C Rec, IETF RFC)."
adoption.active_2026,C8,"Was the offering maintained or changed in 2025 or 2026?"
adoption.client_display,C8,"Does at least one widely used client display the verified link?"
effort.attachable,C9,"Can the mechanism be added to a key system that I already own (attach tier)?"
effort.requires_platform_migration,C9,"Does getting the link require adopting the identity system of the offering (migrate tier)?"
