a,b,nmi
prediction,prediction,1.00
prediction,family,0.88
prediction,verify-trust,0.55
prediction,pki,0.84
prediction,anchor-role,0.48
prediction,lifecycle,0.33
prediction,effort-tier,0.19
prediction,trust-surface,0.42
family,prediction,0.88
family,family,1.00
family,verify-trust,0.52
family,pki,0.76
family,anchor-role,0.55
family,lifecycle,0.35
family,effort-tier,0.12
family,trust-surface,0.34
verify-trust,prediction,0.55
verify-trust,family,0.52
verify-trust,verify-trust,1.00
verify-trust,pki,0.52
verify-trust,anchor-role,0.47
verify-trust,lifecycle,0.52
verify-trust,effort-tier,0.23
verify-trust,trust-surface,0.49
pki,prediction,0.84
pki,family,0.76
pki,verify-trust,0.52
pki,pki,1.00
pki,anchor-role,0.45
pki,lifecycle,0.29
pki,effort-tier,0.09
pki,trust-surface,0.37
anchor-role,prediction,0.48
anchor-role,family,0.55
anchor-role,verify-trust,0.47
anchor-role,pki,0.45
anchor-role,anchor-role,1.00
anchor-role,lifecycle,0.25
anchor-role,effort-tier,0.16
anchor-role,trust-surface,0.45
lifecycle,prediction,0.33
lifecycle,family,0.35
lifecycle,verify-trust,0.52
lifecycle,pki,0.29
lifecycle,anchor-role,0.25
lifecycle,lifecycle,1.00
lifecycle,effort-tier,0.40
lifecycle,trust-surface,0.21
effort-tier,prediction,0.19
effort-tier,family,0.12
effort-tier,verify-trust,0.23
effort-tier,pki,0.09
effort-tier,anchor-role,0.16
effort-tier,lifecycle,0.40
effort-tier,effort-tier,1.00
effort-tier,trust-surface,0.08
trust-surface,prediction,0.42
trust-surface,family,0.34
trust-surface,verify-trust,0.49
trust-surface,pki,0.37
trust-surface,anchor-role,0.45
trust-surface,lifecycle,0.21
trust-surface,effort-tier,0.08
trust-surface,trust-surface,1.00
