offering,layer,operator,field,value,reason
keybase,anchor,dns-registrar,forge,yes,"Harmonized to account-side forgery: the operator controls the anchor account or domain, so it can publish a proof that binds that anchor to a key it holds. The classic and issuers agents read the brief as key-side forgery; the nostr, issuers (sigstore, passport) and ucan agents read it as account-side. See RESEARCH.LOG.md."
keybase,anchor,github,forge,yes,"Harmonized to account-side forgery: the operator controls the anchor account or domain, so it can publish a proof that binds that anchor to a key it holds. The classic and issuers agents read the brief as key-side forgery; the nostr, issuers (sigstore, passport) and ucan agents read it as account-side. See RESEARCH.LOG.md."
keybase,anchor,hn,forge,yes,"Harmonized to account-side forgery: the operator controls the anchor account or domain, so it can publish a proof that binds that anchor to a key it holds. The classic and issuers agents read the brief as key-side forgery; the nostr, issuers (sigstore, passport) and ucan agents read it as account-side. See RESEARCH.LOG.md."
keybase,anchor,mastodon,forge,yes,"Harmonized to account-side forgery: the operator controls the anchor account or domain, so it can publish a proof that binds that anchor to a key it holds. The classic and issuers agents read the brief as key-side forgery; the nostr, issuers (sigstore, passport) and ucan agents read it as account-side. See RESEARCH.LOG.md."
keybase,anchor,reddit,forge,yes,"Harmonized to account-side forgery: the operator controls the anchor account or domain, so it can publish a proof that binds that anchor to a key it holds. The classic and issuers agents read the brief as key-side forgery; the nostr, issuers (sigstore, passport) and ucan agents read it as account-side. See RESEARCH.LOG.md."
keybase,anchor,x,forge,yes,"Harmonized to account-side forgery: the operator controls the anchor account or domain, so it can publish a proof that binds that anchor to a key it holds. The classic and issuers agents read the brief as key-side forgery; the nostr, issuers (sigstore, passport) and ucan agents read it as account-side. See RESEARCH.LOG.md."
keyoxide,anchor,dns-registrar,forge,yes,"Harmonized to account-side forgery: the operator controls the anchor account or domain, so it can publish a proof that binds that anchor to a key it holds. The classic and issuers agents read the brief as key-side forgery; the nostr, issuers (sigstore, passport) and ucan agents read it as account-side. See RESEARCH.LOG.md."
keyoxide,anchor,github,forge,yes,"Harmonized to account-side forgery: the operator controls the anchor account or domain, so it can publish a proof that binds that anchor to a key it holds. The classic and issuers agents read the brief as key-side forgery; the nostr, issuers (sigstore, passport) and ucan agents read it as account-side. See RESEARCH.LOG.md."
keyoxide,anchor,mastodon,forge,yes,"Harmonized to account-side forgery: the operator controls the anchor account or domain, so it can publish a proof that binds that anchor to a key it holds. The classic and issuers agents read the brief as key-side forgery; the nostr, issuers (sigstore, passport) and ucan agents read it as account-side. See RESEARCH.LOG.md."
keyoxide,anchor,reddit,forge,yes,"Harmonized to account-side forgery: the operator controls the anchor account or domain, so it can publish a proof that binds that anchor to a key it holds. The classic and issuers agents read the brief as key-side forgery; the nostr, issuers (sigstore, passport) and ucan agents read it as account-side. See RESEARCH.LOG.md."
indieweb,anchor,github,forge,yes,"Harmonized to account-side forgery: the operator controls the anchor account or domain, so it can publish a proof that binds that anchor to a key it holds. The classic and issuers agents read the brief as key-side forgery; the nostr, issuers (sigstore, passport) and ucan agents read it as account-side. See RESEARCH.LOG.md."
indieweb,anchor,mastodon,forge,yes,"Harmonized to account-side forgery: the operator controls the anchor account or domain, so it can publish a proof that binds that anchor to a key it holds. The classic and issuers agents read the brief as key-side forgery; the nostr, issuers (sigstore, passport) and ucan agents read it as account-side. See RESEARCH.LOG.md."
indieweb,anchor,email-provider,forge,yes,"Harmonized to account-side forgery: the operator controls the anchor account or domain, so it can publish a proof that binds that anchor to a key it holds. The classic and issuers agents read the brief as key-side forgery; the nostr, issuers (sigstore, passport) and ucan agents read it as account-side. See RESEARCH.LOG.md."
dif-wellknown,anchor,dns-registrar,forge,yes,"Harmonized to account-side forgery: the operator controls the anchor account or domain, so it can publish a proof that binds that anchor to a key it holds. The classic and issuers agents read the brief as key-side forgery; the nostr, issuers (sigstore, passport) and ucan agents read it as account-side. See RESEARCH.LOG.md."
