id,name,kind,jurisdiction,jurisdiction_note,source_url
plc-bsky,PLC directory (plc.directory) as operated by Bluesky Social PBC,registry,US,Bluesky Social PBC is a US public benefit corporation and still operates plc.directory. The PLC Org says it must still 'get ready to take over the PLC directory assets and operations' (transfer NOT complete as of 2026-09-28).,https://blog.plcred.org/3mwlphq42d227
plc-org,Public Ledger of Credentials Organization (Swiss Association),registry,CH,"Registered Swiss Association announced Sept 2025 and formally established by 2026-09-28. It does not yet operate the directory. Its board includes a Bluesky engineer (Bryan Newbold), and funding is a bootstrap payment from Bluesky.",https://blog.plcred.org/3mwlphq42d227
bluesky,Bluesky Social PBC AppView / Bluesky app,platform,US,US public benefit corporation. The AppView computes verification validity and hosts the trusted-verifier policy.,https://bsky.social/about/blog/04-21-2025-verification
bluesky-pds,Bluesky Social PBC PDS hosting (bsky.social / *.bsky.network),platform,US,"US company. By default it holds users' repo signing key and did:plc rotation keys, and it controls the *.bsky.social handle namespace.",https://whtwnd.com/bnewbold.net/3lj7jmt2ct72r
dns-registrar,DNS registrar / authoritative DNS host for the handle domain,dns,other,Varies by registrar and TLD.,https://atproto.com/specs/handle
web-host,Web host for the user's domain (.well-known files),platform,other,Varies by the host the user picks.,https://atproto.com/specs/handle
bsky-trusted-verifiers,"Bluesky Trusted Verifier organizations (e.g. NYT, FT, The Athletic)",issuer,other,"Multiple organizations in various jurisdictions (many US media orgs), approved by Bluesky.",https://bsky.social/about/blog/04-21-2025-verification
keybase,Keybase (Zoom Video Communications),registry,US,"Acquired by Zoom Video Communications (San Jose, CA, USA) in May 2020.",https://www.zoom.com/en/blog/zoom-acquires-keybase-and-announces-goal-of-developing-the-most-broadly-used-enterprise-end-to-end-encryption-offering/
stellar,Stellar public network (Keybase Merkle root memos),chain,none,Public blockchain; Keybase posts hourly root hashes from account GA72...SV6E.,https://book.keybase.io/docs/server/stellar
github,GitHub,platform,US,"Microsoft subsidiary, USA.",https://github.com/site/terms
x,X (Twitter),platform,US,"X Corp., USA.",https://x.com/en/tos
reddit,Reddit,platform,US,"Reddit, Inc., USA.",https://www.redditinc.com/policies/user-agreement
hn,Hacker News (Y Combinator),platform,US,"Y Combinator, USA.",https://news.ycombinator.com/
mastodon,Mastodon instances,platform,other,Each instance is run by a different operator in different countries.,https://docs.joinmastodon.org/user/profile/
keys-openpgp-org,keys.openpgp.org,keyserver,other,"Volunteer community effort (Sequoia-PGP, OpenKeychain, Enigmail contributors); hosting sponsored by Hetzner Online GmbH, Germany.",https://keys.openpgp.org/about
keyoxide-aspe,Keyoxide ASPE server (keyoxide.org),registry,other,Operated by the Keyoxide project (NLnet-funded); legal entity and country not stated in sources found.,https://ariadne.id/related/ariadne-signature-profile-0/
email-provider,Email provider,platform,other,Depends on provider.,https://indielogin.com/setup
fulcio,"Sigstore Fulcio public-good CA (OpenSSF, on GCP)",ca,US,"Run by the OpenSSF (Linux Foundation, US) with volunteer engineers from Chainguard, GitHub, Google, Red Hat, Stacklok; hosted on Google Cloud, CA keys in GCP KMS/Certificate Authority Service.",https://github.com/sigstore/architecture-docs/blob/main/sigstore-public-deployment-spec.md
rekor,"Sigstore Rekor public-good transparency log (OpenSSF, on GCP)",log,US,"Same OpenSSF operations SIG; Rekor v1 remains default as of 2026-06, Rekor v2 shards (logYEAR-rev.rekor.sigstore.dev) run in parallel.",https://blog.sigstore.dev/rekor-evolution/
google,Google (OIDC),platform,US,"Google LLC, US; OIDC IdP for Sigstore and OAuth provider for Passport.",https://docs.sigstore.dev/certificate_authority/oidc-in-fulcio/
microsoft,Microsoft (OIDC),platform,US,"Microsoft Corp., US; email OIDC IdP accepted by public-good Fulcio via Dex.",https://docs.sigstore.dev/certificate_authority/oidc-in-fulcio/
human-passport,Human Passport (Holonym Foundation / human.tech),issuer,US,"Privacy policy lists Holonym Foundation, Wilmington, DE, United States; acquisition of Gitcoin Passport completed Dec 2024.",https://passport.human.tech/policy
optimism,OP Mainnet (and other EVM chains hosting EAS stamps),chain,US,Single sequencer operated by OP Labs PBC (US); shared sequencing planned but not live in 2026.,https://optimism.io/blog/what-is-op-enterprise
webpki-ca,WebPKI TLS certificate authority,ca,other,Whichever CA issued the domain's TLS cert; did:web requires the DID to match the TLS cert name.,https://w3c-ccg.github.io/did-method-web/
nostr-relays,Nostr relays (independent operators),relay-set,none,Many independently run relays in many countries. Clients publish to several. The PR #2486 survey used 11 major relays.,https://github.com/nostr-protocol/nips/pull/2486
telegram,Telegram,platform,other,"Operational center in Dubai, UAE; registered in the British Virgin Islands.",https://en.wikipedia.org/wiki/Telegram_(software)
discord,Discord Inc.,platform,US,"San Francisco, CA.",https://en.wikipedia.org/wiki/Discord
farcaster-hubs,Snapchain validators (replaced Farcaster Hubs in 2025),relay-set,none,"Multiple validators, reported as 11 and community-voted (secondary source). Since January 2026 Neynar operates protocol infrastructure, and validator config is managed on-chain via SnapchainConfigRegistry (snapchain v0.14.2).",https://github.com/farcasterxyz/snapchain
farcaster-app,"Farcaster app (formerly Warpcast), owned by Neynar since 2026-01",issuer,US,"Merkle Manufactory (US) built it, and Neynar (US) acquired it in January 2026 per CoinDesk.",https://www.coindesk.com/business/2026/01/21/farcaster-founders-step-back-as-neynar-acquires-struggling-crypto-social-app
mainline-dht,BitTorrent Mainline DHT,dht,none,Open P2P network of about 10M nodes worldwide with no operator.,https://github.com/pubky/pkdns
pkarr-relays,"Pkarr HTTP relays (pkarr.pubky.app, pkarr.pubky.org, relay.pkarr.org)",relay-set,other,"Default relays listed in the repo, mostly run by Synonym/Pubky. I did not confirm the operator's country. Relays are optional.",https://github.com/pubky/pkarr/blob/main/relays.txt
storacha,"Storacha Network (formerly web3.storage / DAG House, Protocol Labs spin-out)",issuer,US,ToS governed by Delaware law (web3.storage/docs/terms); entity not confirmed. Writes disabled 2026-05-15; hosts decommissioned by 2026-09-05.,https://web3.storage/docs/terms/
postmark,Postmark (transactional email sender used by web3.storage/Storacha for confirmation links),platform,US,"Postmark is operated by ActiveCampaign (US); its use comes from a 2023 web3.storage planning note, so current use is unverified.",https://hackmd.io/@olizilla/SJ1B-okaj
ethereum,Ethereum chain (for ERC-1271 contract-wallet verification),chain,none,Public permissionless chain; only consulted for contract wallets.,https://eips.ethereum.org/EIPS/eip-4361
