title,url,date
did:plc Specification v0.3,https://web.plc.directory/spec/v0.1/did-plc,2025-12
atproto Handle spec,https://atproto.com/specs/handle,2026
atproto DID spec,https://atproto.com/specs/did,2026
atproto Repository spec,https://atproto.com/specs/repository,2026
First steps of the PLC organization,https://blog.plcred.org/3mwlphq42d227,2026-09-28
did:plc Directory landing page,https://web.plc.directory/,2026
PLC Read Replicas,https://atproto.com/blog/plc-replicas,2026-02-18
PLC Export API Update (January 2026),https://github.com/bluesky-social/atproto/discussions/4508,2026-01-06
PLC Threat-modeling & Auditability (Daniel Holmgren),https://dholms.leaflet.pub/3m6zswymcqk2p,2025
Adversarial PLC directory migration (microcosm),https://updates.microcosm.blue/3lz7nwvh4zc2u,2025-09-19
Minimal web-of-trust governance for did:plc (#4002),https://github.com/bluesky-social/atproto/discussions/4002,2026-06-14
Bluesky decentralization reassessment (plurality),https://plurality.leaflet.pub/3mfergx7i7c2b,2026-01-19
Kicking off the ATP Working Group at the IETF,https://atproto.com/blog/kicking-off-the-atp-working-group,2026-04-02
Creating an Independent PLC Directory Organization,https://atproto.com/blog/plc-directory-org,2025-09
"Registering Identity Recovery Keys via PDS, using goat",https://whtwnd.com/bnewbold.net/3lj7jmt2ct72r,2025
A New Form of Verification on Bluesky,https://bsky.social/about/blog/04-21-2025-verification,2025-04-21
app.bsky.graph.verification lexicon,https://github.com/bluesky-social/atproto/blob/main/lexicons/app/bsky/graph/verification.json,2025-04
app.bsky.actor.defs (verificationState),https://github.com/bluesky-social/atproto/blob/main/lexicons/app/bsky/actor/defs.json,2025-04
Bluecheck Verification discussion #3785,https://github.com/bluesky-social/atproto/discussions/3785,2025-04
Sifa: show verification from other AT Protocol verifiers,https://github.com/singi-labs/sifa-workspace/issues/258,2026-07-13
mu verification,https://hello.mu.social/verification/,2026
Keybase Book: Server security,https://book.keybase.io/docs/server,2026-05
Keybase is now writing to the Stellar blockchain,https://book.keybase.io/docs/server/stellar,2020-01
Keybase Book: account,https://book.keybase.io/account,2026-05
keybase/client issue #27225 Twitter/X and Reddit proofs no longer working,https://github.com/keybase/client/issues/27225,2024-07-09
Keybase loves Mastodon (proof integration),https://keybase.io/blog/keybase-proofs-for-mastodon-and-everyone,2019-04-15
keybase/client releases (GitHub API),https://github.com/keybase/client/releases,2026-06-03
keybase/client go/libkb/expire_times.go,https://github.com/keybase/client/blob/master/go/libkb/expire_times.go,2026-09-30
"keybase/client go/libkb/merkle_client.go (pvl_hash, proof_services_hash)",https://github.com/keybase/client/blob/master/go/libkb/merkle_client.go,2026-09-30
Stellar Horizon: Keybase root account transactions,https://horizon.stellar.org/accounts/GA72FQOMHYUCNEMZN7GY6OBWQTQEXYL43WPYCY2FE3T452USNQ7KSV6E/transactions?order=desc&limit=2,2026-10-01
Zoom acquires Keybase,https://www.zoom.com/en/blog/zoom-acquires-keybase-and-announces-goal-of-developing-the-most-broadly-used-enterprise-end-to-end-encryption-offering/,2020-05-07
Ariadne Identity Specification core v0,https://ariadne.id/core/0/,2022-11-22
Ariadne Signature Profile v0,https://ariadne.id/related/ariadne-signature-profile-0/,2023-09-13
Keyoxide docs: service providers,https://docs.keyoxide.org/service-providers/,2024-12-04
doipjs twitter.js,https://codeberg.org/keyoxide/doipjs/src/branch/main/src/serviceProviders/twitter.js,2025-03-04
doipjs openpgp.js,https://codeberg.org/keyoxide/doipjs/src/branch/main/src/openpgp.js,2025-03-04
keyoxide-web repo,https://codeberg.org/keyoxide/keyoxide-web,2025-09-24
doipjs repo,https://codeberg.org/keyoxide/doipjs,2025-03-04
Keyoxide docs: OpenPGP with GnuPG,https://docs.keyoxide.org/guides/openpgp-gnupg/,2024-12
keyoxide-web issue #22 notations from all UIDs,https://codeberg.org/keyoxide/keyoxide-web/issues/22,2021
keys.openpgp.org about,https://keys.openpgp.org/about,2025
keys.openpgp.org privacy policy,https://keys.openpgp.org/about/privacy/,2025
"Keyoxide blog: In testing, Ariadne Signature Profiles",https://blog.keyoxide.org/ariadne-signature-profiles/,2023-06
microformats wiki rel-me,https://microformats.org/wiki/rel-me,2023-08-11
IndieAuth Living Standard,https://indieauth.spec.indieweb.org/,2024-07-11
IndieAuth W3C Working Group Note,https://www.w3.org/TR/indieauth/,2018-01-23
indieweb/indieauth repo,https://github.com/indieweb/indieauth,2026-09-20
Mastodon docs: profile link verification,https://docs.joinmastodon.org/user/profile/,2026
Mastodon VerifyLinkService,https://github.com/mastodon/mastodon/blob/main/app/services/verify_link_service.rb,2026-09-30
Mastodon Account::Field,https://github.com/mastodon/mastodon/blob/main/app/models/account/field.rb,2026-09-30
Mastodon ActivityPub::ProcessAccountService,https://github.com/mastodon/mastodon/blob/main/app/services/activitypub/process_account_service.rb,2026-09-30
Mastodon releases,https://github.com/mastodon/mastodon/releases,2026-09-15
IndieLogin.com setup,https://indielogin.com/setup,2026-09
Fulcio: how certificate issuing works,https://github.com/sigstore/fulcio/blob/main/docs/how-certificate-issuing-works.md,2024-09-25
Fulcio certificate specification,https://github.com/sigstore/fulcio/blob/main/docs/certificate-specification.md,2023-05-24
Fulcio security model,https://github.com/sigstore/fulcio/blob/main/docs/security-model.md,2022-08-02
Sigstore docs: OIDC in Fulcio,https://docs.sigstore.dev/certificate_authority/oidc-in-fulcio/,2026
Sigstore docs: Fulcio overview,https://docs.sigstore.dev/certificate_authority/overview/,2026
Sigstore public deployment spec,https://github.com/sigstore/architecture-docs/blob/main/sigstore-public-deployment-spec.md,2025-10-05
Sigstore client spec,https://github.com/sigstore/architecture-docs/blob/main/client-spec.md,2026-05-19
Rekor v2 GA blog,https://blog.sigstore.dev/rekor-v2-ga/,2025-10-10
sigstore.dev and Rekor evolution blog,https://blog.sigstore.dev/rekor-evolution/,2026-06-28
OpenSSF: tour of Sigstore public good instance,https://openssf.org/blog/2023/10/03/running-sigstore-as-a-managed-service-a-tour-of-sigstores-public-good-instance/,2023-10-03
npm docs: viewing package provenance,https://docs.npmjs.com/viewing-package-provenance,2026
Human Passport: from Gitcoin Passport to Human Passport,https://passport.human.tech/blog/from-gitcoin-passport-to-human-passport-we-re-now-part-of-human-tech,2025-02-09
Human Passport docs: key terms,https://docs.passport.human.tech/overview/key-terms,2026-04-07
Human Passport docs: expirations,https://docs.passport.human.tech/building-with-passport/stamps/major-concepts/expirations,2026
Human Passport docs: deduplicating stamps,https://docs.passport.human.tech/building-with-passport/stamps/major-concepts/deduplicating-stamps,2026
passport repo: identity/src/credentials.ts,https://github.com/passportxyz/passport/blob/main/identity/src/credentials.ts,2025-05-07
passport repo: identity/src/challenge.ts,https://github.com/passportxyz/passport/blob/main/identity/src/challenge.ts,2025-03-31
passport repo: identity/src/issuers.ts,https://github.com/passportxyz/passport/blob/main/identity/src/issuers.ts,2025-07-07
passport repo: iam/src/utils/revocations.ts,https://github.com/passportxyz/passport/blob/main/iam/src/utils/revocations.ts,2025-05-07
passport repo: app/.env-prod,https://github.com/passportxyz/passport/blob/main/app/.env-prod,2026-06-08
passport repo: ZKEmail providers config,https://github.com/passportxyz/passport/blob/main/platforms/src/ZKEmail/Providers-config.ts,2025-12-01
passport repo: platforms,https://github.com/passportxyz/passport/tree/main/platforms/src,2026-09
passport repo,https://github.com/passportxyz/passport,2026-09-27
passportxyz eas-proxy onchain data doc,https://github.com/passportxyz/eas-proxy/blob/main/docs/00-onchain-data.md,2024
Human Passport privacy policy (Holonym Foundation),https://passport.human.tech/policy,2024-08-29
Human Passport privacy page,https://passport.human.tech/privacy,2026
DIF Well-Known DID Configuration spec,https://identity.foundation/well-known-did-configuration/resources/did-configuration/,2025-10-31
DIF well-known-did-configuration repo,https://github.com/decentralized-identity/well-known-did-configuration,2025-10-31
Microsoft Entra Verified ID: link your domain to your DID,https://learn.microsoft.com/en-us/entra/verified-id/how-to-dnsbind,2026-03-25
did:web method specification (W3C CCG),https://w3c-ccg.github.io/did-method-web/,2026-05-08
did:web spec repo,https://github.com/w3c-ccg/did-method-web,2026-05-08
Draft W3C DID Methods WG charter,https://w3c.github.io/did-methods-wg-charter/2025/did-methods-wg.html,2025
NIP-39 Linking Profiles to Other Platforms,https://github.com/nostr-protocol/nips/blob/master/39.md,2026-09-27
NIP-39 commit history,https://github.com/nostr-protocol/nips/commits/master/39.md,2026-09-27
PR #2216 NIP-39: moves i tags out of kind 0,https://github.com/nostr-protocol/nips/pull/2216,2026-02-10
"PR #2486 NIP-39: unify verification text, add bluesky and discord",https://github.com/nostr-protocol/nips/pull/2486,2026-09-27
NIP-05 Mapping Nostr keys to DNS-based internet identifiers,https://github.com/nostr-protocol/nips/blob/master/05.md,2026-06
NIP-05 commit history,https://github.com/nostr-protocol/nips/commits/master/05.md,2026-06
NIP-26 Delegated Event Signing (unrecommended),https://github.com/nostr-protocol/nips/blob/master/26.md,2026
NIPs README index,https://github.com/nostr-protocol/nips/blob/master/README.md,2026
PR #829 NIP-41 simple account migration (unmerged),https://github.com/nostr-protocol/nips/pull/829,2023-10
PR #1452 Key Migration and Revocation (unmerged),https://github.com/nostr-protocol/nips/pull/1452,2024-08
PR #1056 Key Revocation (unmerged),https://github.com/nostr-protocol/nips/pull/1056,2024
W3C public-nostr: status of NIP-41?,https://lists.w3.org/Archives/Public/public-nostr/2025Dec/0002.html,2025-12
Amethyst DrawAdditionalInfo.kt (NIP-39 display),https://github.com/vitorpamplona/amethyst/blob/main/amethyst/src/main/java/com/vitorpamplona/amethyst/ui/screen/loggedIn/profile/header/DrawAdditionalInfo.kt,2026
Damus NIP05.swift,https://github.com/damus-io/damus/blob/master/damus/Features/NIP05/Models/NIP05.swift,2026
Brainstorm-UI PR #87: only show NIP-05 check when domain confirms,https://github.com/NosFabrica/Brainstorm-UI/pull/87,2026-09-23
streets PR #567: remove relay.nostr.band (unreachable),https://github.com/eyemono-moe/streets/pull/567,2026-09-24
Name.com: How to get NOSTR verified on a custom domain,https://www.name.com/blog/how-to-get-nostr-verified-on-a-custom-domain,unknown
Farcaster protocol specification,https://github.com/farcasterxyz/protocol/blob/main/docs/SPECIFICATION.md,2023-11-15
FIP-19: Social Attestations,https://github.com/farcasterxyz/protocol/discussions/199,2024-10-16
Snapchain message.proto,https://github.com/farcasterxyz/snapchain/blob/main/proto/definitions/message.proto,2026-08
Snapchain releases (v0.14.2),https://github.com/farcasterxyz/snapchain/releases,2026-08-13
FIP: Snapchain,https://github.com/farcasterxyz/protocol/discussions/207,2025
Farcaster docs: contracts,https://docs.farcaster.xyz/learn/architecture/contracts,2026-10
Farcaster docs: architecture overview,https://docs.farcaster.xyz/learn/architecture/overview,2026-10
The Block: Farcaster launches Snapchain,https://www.theblock.co/post/347606/decentralized-social-media-protocol-farcaster-launches-blockchain-like-data-layer-snapchain,2025-03-21
PANews: Warpcast will be renamed Farcaster,https://www.panewslab.com/en/articles/di90phu5,2025-05-15
CoinDesk: Neynar acquires Farcaster,https://www.coindesk.com/business/2026/01/21/farcaster-founders-step-back-as-neynar-acquires-struggling-crypto-social-app,2026-01-21
Pkarr README,https://github.com/pubky/pkarr,2026-09-23
Pkarr base spec,https://github.com/pubky/pkarr/blob/main/design/base.md,2026-09
Pkarr relays spec,https://github.com/pubky/pkarr/blob/main/design/relays.md,2026-09
Pkarr endpoints spec,https://github.com/pubky/pkarr/blob/main/design/endpoints.md,2026-09
Pkarr releases (v8.0.2),https://github.com/pubky/pkarr/releases,2026-09-23
pkdns,https://github.com/pubky/pkdns,2026-03-23
DID DHT Method Specification,https://did-dht.com/,2025
UCAN spec (README),https://raw.githubusercontent.com/ucan-wg/spec/main/README.md,2026-07-08
UCAN spec commit history,https://github.com/ucan-wg/spec/commits/main,2026-07-08
UCAN revocation spec,https://github.com/ucan-wg/revocation,2026
Storacha w3-account spec,https://github.com/storacha/specs/blob/main/w3-account.md,2026-01
Storacha w3-session spec,https://github.com/storacha/specs/blob/main/w3-session.md,2026-01
Storacha w3-ucan spec (ucan/attest),https://github.com/storacha/specs/blob/main/w3-ucan.md,2026-01
did:mailto spec,https://github.com/storacha/specs/blob/main/did-mailto.md,2026-01
storacha/specs commits,https://github.com/storacha/specs/commits/main,2026-01-26
w3infra PR #636 WRITES_DISABLED,https://github.com/storacha/w3infra/pull/636,2026-05-15
Storacha sunset notes (orbitdb-storage-bridge),https://github.com/NiKrause/orbitdb-storage-bridge/blob/main/docs/STORACHA-SUNSET.md,2026-09-23
web3.storage planning note (olizilla),https://hackmd.io/@olizilla/SJ1B-okaj,2023-03
Storacha/web3.storage Terms of Service,https://web3.storage/docs/terms/,unknown
ERC-5573 ReCap,https://eips.ethereum.org/EIPS/eip-5573,2024-03-08
ERC-5573 source,https://raw.githubusercontent.com/ethereum/ERCs/master/ERCS/erc-5573.md,2024-03-08
ERC-5573 commit history,https://github.com/ethereum/ERCs/commits/master/ERCS/erc-5573.md,2024-03-08
ERC-4361 SIWE,https://eips.ethereum.org/EIPS/eip-4361,2024
WalletConnect One-click Auth,https://docs.walletconnect.network/wallet-sdk/web/one-click-auth,2025
Lit: From Session Keys to Session Signatures pt 2,https://spark.litprotocol.com/session-sig-pt-2/,unknown
,https://github.com/nostr-protocol/nips/blob/master/01.md,2026
,https://github.com/ucan-wg/spec,2026-07
,https://github.com/storacha/w3infra,2026-05
,https://github.com/pubky/pkarr/tree/main/design,2026-09
